Index,Region,Area,Asaltos,Poblacion,
1,Auckland Region,Auckland Central West,550,15900,
2,Wellington Region,Willis Street-Cambridge Terrace,447,8300,
3,Waikato Region,Hamilton Central,380,3170,
4,Auckland Region,Auckland Central East,375,13250,
5,Canterbury Region,Cathedral Square,305,570,
6,Auckland Region,Auckland Harbourside,253,5680,
7,Auckland Region,Manukau Central,192,900,
8,Manawatu-Wanganui Region,Palmerston North Central,190,3060,
9,Bay of Plenty Region,Kuirau,168,1290,
10,Bay of Plenty Region,Tauranga Central,167,2270,
11,Otago Region,Stuart St-Frederick St,154,3360,
12,Auckland Region,Otahuhu West,148,5400,
13,Nelson Region,Trafalgar,138,550,
14,Hawke's Bay Region,Hastings Central,130,2970,
15,Gisborne Region,Gisborne Central,128,3380,
16,Canterbury Region,Paparua,121,890,
17,Otago Region,Queenstown Hill,113,4100,
18,Auckland Region,Papatoetoe Central,109,5120,
19,Otago Region,High St-Stuart St,107,2540,
20,Wellington Region,Hutt Central,105,4070,
21,Wellington Region,Lambton,104,6000,
22,Auckland Region,Wiri,103,4390,
23,Taranaki Region,New Plymouth Central,102,680,
24,Auckland Region,Newton,101,2170,
25,Wellington Region,Porirua Central,96,410,
26,Auckland Region,Lynnmall,94,2610,
27,Marlborough Region,Blenheim Central,91,2790,
28,Auckland Region,Pukekohe North,91,9980,
29,Otago Region,Queenstown Bay,90,2360,
30,Waikato Region,Taupo Central,90,3900,
31,Auckland Region,Manurewa Central,89,4830,
32,Northland Region,Whangarei Central,87,280,
33,Auckland Region,Papakura Central,85,2290,
34,Hawke's Bay Region,Nelson Park,82,2480,
35,Auckland Region,Mangere Central,82,3350,
36,Auckland Region,Glen Innes West,82,5100,
37,Auckland Region,Mangere South,81,7980,
38,Canterbury Region,Hagley Park,80,1040,
39,Auckland Region,Henderson North,79,6290,
40,Canterbury Region,Seaview,78,2540,
41,Auckland Region,Mt Wellington South,75,6200,
42,Auckland Region,Otara North,74,1870,
43,Canterbury Region,Avon Loop,74,3670,
44,Southland Region,Otakaro Park,73,820,
45,Canterbury Region,Sydenham,70,6280,
46,Wellington Region,Paraparaumu Central,69,8920,
47,Canterbury Region,Shirley East,68,3580,
48,Northland Region,Kaikohe,68,4370,
49,Waikato Region,Hamilton Lake,67,4370,
50,Auckland Region,Hillpark,67,5600,
51,Manawatu-Wanganui Region,Cooks Gardens,66,300,
52,Canterbury Region,Linwood East,66,2190,
53,Waikato Region,Huntly East,66,4540,
54,Auckland Region,Puhinui South,65,3110,
55,Bay of Plenty Region,Arataki,65,5510,
56,Wellington Region,Masterton Central,64,640,
57,Auckland Region,Glen Eden East,64,7570,
58,Bay of Plenty Region,Opotiki,63,4130,
59,Canterbury Region,Riccarton,63,4610,
60,Auckland Region,Henderson South,63,5060,
61,Auckland Region,Papakura East,60,6770,
62,Bay of Plenty Region,Kawerau,59,6660,
63,Bay of Plenty Region,Whakatane North,57,3240,
64,Auckland Region,Clendon South,57,5560,
65,Auckland Region,Takapuna Central,56,3390,
66,Canterbury Region,Hornby North,56,3480,
67,Auckland Region,Takanini South,56,5630,
68,Wellington Region,Upper Hutt Central,54,330,
69,Manawatu-Wanganui Region,Levin West,54,2810,
70,Auckland Region,Middlemore,53,110,
71,Auckland Region,Grafton East,53,1290,
72,Auckland Region,Bledisloe Park,53,3130,
73,Canterbury Region,Linwood,53,4940,
74,Gisborne Region,Kaiti South,52,2940,
75,Canterbury Region,West Melton,52,8470,
76,Hawke's Bay Region,Bridge Pa,51,1240,
77,Auckland Region,Rongomai,50,5210,
78,Hawke's Bay Region,Maraenui,49,3350,
79,Northland Region,Kaitaia West,49,3540,
80,Bay of Plenty Region,Mt Maunganui North,49,4360,
81,Otago Region,Otago University,49,5280,
82,Bay of Plenty Region,Western Heights,48,3840,
83,Waikato Region,Hamilton East,48,4280,
84,Waikato Region,Tokoroa Central,47,790,
85,Auckland Region,Albany,47,3710,
86,Hawke's Bay Region,Flaxmere East,47,4090,
87,Auckland Region,Papatoetoe West,47,6340,
88,Auckland Region,Mangere East,47,6500,
89,Canterbury Region,Ashburton Central East,46,1780,
90,Waikato Region,Enderley,45,4660,
91,Gisborne Region,Te Hapara,45,4710,
92,Hawke's Bay Region,Marewa,45,4940,
93,Bay of Plenty Region,Victoria,44,1890,
94,Hawke's Bay Region,Camberley,44,2110,
95,Auckland Region,Papakura North,44,2640,
96,Auckland Region,Grey Lynn East,44,3700,
97,Auckland Region,Papatoetoe North,44,6120,
98,Manawatu-Wanganui Region,Laird Park,43,2250,
99,Hawke's Bay Region,Wairoa,43,4260,
100,Canterbury Region,Phillipstown,43,4300,
101,Auckland Region,Mascot,43,4410,
102,Auckland Region,Penrose,42,780,
103,Bay of Plenty Region,Tauranga Hospital,42,2020,
104,Auckland Region,Mt Eden North,42,3670,
105,Auckland Region,Dingwall,42,3980,
106,Auckland Region,Takanini North,42,3980,
107,Auckland Region,Kingdale,42,4080,
108,Auckland Region,Roberton,42,5890,
109,Wellington Region,Adelaide,41,1100,
110,Auckland Region,Mangere Bridge,41,6460,
111,Canterbury Region,Merivale,40,2830,
112,Wellington Region,Parkway,40,3270,
113,Auckland Region,Homai East,40,6870,
114,Northland Region,Kaitaia East,39,2070,
115,Canterbury Region,Northcote,39,2630,
116,Wellington Region,Cannons Creek North,39,3350,
117,Waikato Region,Peachgrove,39,3450,
118,Bay of Plenty Region,Greerton,39,4470,
119,Wellington Region,Thorndon-Tinakori Road,39,4520,
120,Waikato Region,Huntly West,38,3120,
121,Auckland Region,Te Papapa,38,3730,
122,Auckland Region,Onehunga South East,38,3820,
123,Auckland Region,Kingsland,38,5140,
124,Auckland Region,Westlake,38,5590,
125,Northland Region,Kerikeri,38,7110,
126,Waikato Region,Frankton Junction,37,2000,
127,Canterbury Region,Spreydon,37,3790,
128,Hawke's Bay Region,Onekawa South,37,4640,
129,Auckland Region,Tuff Crater,37,4790,
130,Auckland Region,Tamaki,37,5010,
131,Auckland Region,Fairdene,37,5060,
132,Auckland Region,Leabank,37,5760,
133,Waikato Region,Te Rapa,36,360,
134,Auckland Region,Newmarket,36,3740,
135,Auckland Region,Waiheke Island,36,8880,
136,Canterbury Region,Riccarton South,35,610,
137,Otago Region,South Dunedin,35,2530,
138,Auckland Region,Springleigh,35,3050,
139,Waikato Region,Turangi,35,3220,
140,Hawke's Bay Region,Te Mata,35,3790,
141,Northland Region,Dargaville,35,4830,
142,Wellington Region,Naenae North,35,4850,
143,Auckland Region,Harania West,35,5370,
144,Auckland Region,Papatoetoe East,35,6050,
145,Otago Region,Wanaka,35,7400,
146,Nelson Region,Broads,34,1590,
147,Gisborne Region,Outer Kaiti,34,2490,
148,Bay of Plenty Region,Trident,34,3350,
149,Auckland Region,Otara South,34,3830,
150,Tasman Region,Motueka West,34,3890,
151,Taranaki Region,Hawera South,34,4050,
152,Auckland Region,Freemans Bay,34,4280,
153,Waikato Region,Bader,34,4420,
154,Waikato Region,Tauhara,34,4430,
155,Auckland Region,Ferguson,34,4820,
156,Auckland Region,Three Kings,34,6100,
157,Manawatu-Wanganui Region,Palmerston North Hospital,33,2760,
158,Hawke's Bay Region,St Leonards,33,3030,
159,Wellington Region,Kilbirnie East,33,3230,
160,Wellington Region,Masterton East,33,3700,
161,Auckland Region,Fairburn,33,3810,
162,Canterbury Region,Addington,33,4040,
163,Auckland Region,Weymouth West,33,4630,
164,Hawke's Bay Region,Akina,33,4720,
165,Auckland Region,Point Chevalier East,33,4880,
166,Wellington Region,Newtown East,33,5370,
167,Waikato Region,Ngaruawahia,33,5810,
168,Auckland Region,Akarana,33,6360,
169,Northland Region,Regent,32,1750,
170,Otago Region,Fernhill,32,1860,
171,Canterbury Region,Mona Vale,32,2510,
172,Manawatu-Wanganui Region,Gonville South,32,3060,
173,Bay of Plenty Region,Tauranga South,32,4530,
174,Bay of Plenty Region,Te Puke East,32,4740,
175,Waikato Region,Nawton,32,4960,
176,Bay of Plenty Region,Mangakakahi,31,2570,
177,Taranaki Region,Westown,31,3570,
178,Canterbury Region,Aranui,31,4240,
179,Auckland Region,Kelston Central,31,5000,
180,Auckland Region,Clover Park,31,5030,
181,Auckland Region,Otara East,31,5150,
182,Auckland Region,Sturges North,31,7830,
183,Gisborne Region,Gisborne Airport,30,2890,
184,Bay of Plenty Region,Fordlands,29,1840,
185,Bay of Plenty Region,Yatton Park,29,2640,
186,Canterbury Region,Upper Riccarton,29,3300,
187,Canterbury Region,Woolston West,29,3590,
188,Canterbury Region,Rawhiti,29,3700,
189,Southland Region,Gladstone-Avenal,29,3800,
190,Canterbury Region,Ensors,29,3850,
191,Bay of Plenty Region,Palm Beach,29,3870,
192,Waikato Region,Maeroa,29,4020,
193,Canterbury Region,Hillmorton,29,4750,
194,Waikato Region,Waihi,29,4980,
195,Auckland Region,Point England,29,5050,
196,Auckland Region,Parnell West,29,5460,
197,Manawatu-Wanganui Region,Roslyn,29,5910,
198,Waikato Region,University,29,6270,
199,Northland Region,Raumanga East,28,1880,
200,Auckland Region,Panmure Basin,28,2970,
201,Canterbury Region,Papanui,28,3820,
202,Waikato Region,Chedworth,28,3900,
203,Bay of Plenty Region,Allandale-Mokorua,28,4020,
204,Hawke's Bay Region,Waipukurau,28,4060,
205,Waikato Region,Tuakau,28,4630,
206,Auckland Region,Puhinui North,28,4840,
207,Waikato Region,Swarbrick,28,5100,
208,Manawatu-Wanganui Region,Takaro,28,5470,
209,Auckland Region,Mission Bay,28,5840,
210,Canterbury Region,Sockburn,28,6760,
211,Northland Region,Paihia,27,1900,
212,Canterbury Region,Middleton,27,1930,
213,Wellington Region,Newtown West,27,3480,
214,Otago Region,Alexandra,27,5190,
215,Bay of Plenty Region,Omanu,27,5540,
216,Wellington Region,Mt Cook-Wallace Street,27,5650,
217,Auckland Region,Glenavon,27,7040,
218,Auckland Region,Donegal Park,27,8240,
219,Auckland Region,Mt Wellington Domain,26,1740,
220,Southland Region,Appleby-Kew,26,1960,
221,Manawatu-Wanganui Region,Taumarunui Central,26,2310,
222,Waikato Region,Te Awamutu South,26,3140,
223,Auckland Region,Mt Wellington North,26,3380,
224,Nelson Region,Isel Park,26,3440,
225,Waikato Region,Putaruru,26,3970,
226,Taranaki Region,Hawera North,26,4010,
227,Otago Region,Balclutha,26,4030,
228,Auckland Region,Grafton West,26,4190,
229,Hawke's Bay Region,Mayfair,26,4470,
230,Waikato Region,Whitianga,26,4650,
231,Waikato Region,Naylor,26,4800,
232,Manawatu-Wanganui Region,West End,26,4980,
233,Auckland Region,Sandringham West,26,5390,
234,Bay of Plenty Region,Brookfield,26,5430,
235,Bay of Plenty Region,Hillcrest,25,1630,
236,Auckland Region,Papakura South,25,1850,
237,Bay of Plenty Region,Glenholme West,25,2310,
238,Nelson Region,Grampians,25,2490,
239,Canterbury Region,New Brighton,25,2610,
240,Manawatu-Wanganui Region,Foxton,25,2750,
241,Canterbury Region,Bromley,25,3200,
242,Taranaki Region,Stratford West,25,3340,
243,Wellington Region,Naenae South,25,3580,
244,Auckland Region,Dannemora,25,4240,
245,Otago Region,Cromwell,25,4510,
246,Tasman Region,Richmond East,25,6330,
247,Wellington Region,Trentham South,24,1150,
248,Gisborne Region,Tamarau,24,2560,
249,Waikato Region,Te Awamutu East,24,3070,
250,Hawke's Bay Region,Lochain,24,3080,
251,Auckland Region,Otahuhu North,24,3110,
252,Manawatu-Wanganui Region,Highbury,24,3360,
253,Hawke's Bay Region,Kingsley-Chatham,24,3380,
254,Manawatu-Wanganui Region,Feilding West,24,3960,
255,Northland Region,Sherwood Rise,24,4170,
256,Canterbury Region,Edgeware,24,4300,
257,Waikato Region,Te Kuiti,24,4560,
258,Waikato Region,Melville,24,5140,
259,Auckland Region,Orakei North,24,5910,
260,Auckland Region,Kohuora,24,6630,
261,Auckland Region,Orewa,24,9170,
262,Auckland Region,Highbrook,23,40,
263,Wellington Region,Avalon East,23,2410,
264,Otago Region,Oamaru Central,23,2610,
265,Auckland Region,Paremoremo East,23,2880,
266,Marlborough Region,Picton,23,2920,
267,Wellington Region,Epuni West,23,3080,
268,Wellington Region,Taita South,23,3100,
269,Wellington Region,Elderslea,23,3360,
270,Canterbury Region,Ferrymead,23,3400,
271,Waikato Region,Beerescourt,23,3470,
272,Auckland Region,Sandringham North,23,3530,
273,Manawatu-Wanganui Region,Levin North,23,3640,
274,Bay of Plenty Region,Owhata West,23,3690,
275,Hawke's Bay Region,Mahora,23,3710,
276,Waikato Region,Matamata South,23,4510,
277,Manawatu-Wanganui Region,Marton,23,4780,
278,Auckland Region,Rosebank,23,5190,
279,Auckland Region,Glenfield Central,23,5210,
280,Auckland Region,Redoubt North,23,5460,
281,Auckland Region,Royal Heights,23,6700,
282,Nelson Region,Kirks,22,900,
283,Northland Region,Kawakawa,22,1390,
284,Auckland Region,Westgate,22,1450,
285,Southland Region,Georgetown,22,2420,
286,Auckland Region,Favona West,22,3010,
287,Auckland Region,Surrey Crescent,22,3240,
288,Bay of Plenty Region,Gate Pa,22,3270,
289,Waikato Region,Clarkin,22,3330,
290,Canterbury Region,Cashmere West,22,3380,
291,Wellington Region,Wilford,22,3430,
292,Northland Region,Tikipunga West,22,3480,
293,Auckland Region,Ponsonby East,22,3790,
294,Taranaki Region,Waitara West,22,3840,
295,Wellington Region,Waitangirua,22,4300,
296,Gisborne Region,Mangapapa,22,4610,
297,Canterbury Region,North Beach,22,4790,
298,Auckland Region,Takanini West,22,4910,
299,Otago Region,Caversham,22,4960,
300,Auckland Region,Avondale West,22,5400,
301,Auckland Region,Weymouth East,22,5540,
302,Marlborough Region,Redwoodtown,22,5620,
303,Manawatu-Wanganui Region,Castlecliff South,21,1320,
304,Manawatu-Wanganui Region,Taihape,21,1640,
305,Bay of Plenty Region,Murupara,21,1770,
306,Southland Region,Crinan,21,1860,
307,Canterbury Region,Kaikoura Township,21,2040,
308,Nelson Region,Tahunanui,21,2230,
309,Wellington Region,Elsdon-Takapuwahia,21,2370,
310,Wellington Region,Delaney,21,2540,
311,Waikato Region,Insoll,21,2850,
312,Manawatu-Wanganui Region,Dannevirke East,21,3050,
313,Waikato Region,Crawshaw,21,3150,
314,Bay of Plenty Region,Whakatane West,21,3290,
315,Auckland Region,Ranui Domain,21,3420,
316,Waikato Region,Te Awamutu Central,21,3560,
317,Auckland Region,Randwick Park,21,3840,
318,Auckland Region,Browns Bay,21,4510,
319,Auckland Region,Walmsley,21,4550,
320,Auckland Region,Hamlin,21,5620,
321,Wellington Region,Mt Victoria West,21,5970,
322,Auckland Region,Waimumu North,21,6340,
323,Auckland Region,Grange,20,700,
324,Southland Region,Central Gore,20,800,
325,Wellington Region,Petone Central,20,920,
326,Canterbury Region,Avonside,20,1890,
327,Bay of Plenty Region,Fairy Springs,20,2130,
328,Canterbury Region,Linwood North,20,2620,
329,West Coast Region,Greymouth South,20,2850,
330,Auckland Region,Owairaka West,20,2860,
331,Auckland Region,Helensville,20,2880,
332,Canterbury Region,Jellie Park,20,2940,
333,Canterbury Region,Rangiora North,20,3520,
334,Marlborough Region,Whitney,20,4470,
335,Wellington Region,Tawa Central,20,4600,
336,Canterbury Region,Hornby South,20,5350,
337,Auckland Region,Pukekohe West,20,7450,
338,West Coast Region,Greymouth Central,19,580,
339,Auckland Region,Arch Hill,19,1870,
340,Manawatu-Wanganui Region,Levin South,19,1920,
341,Northland Region,Otangarei,19,2110,
342,Canterbury Region,Richmond North,19,2380,
343,Hawke's Bay Region,Frimley,19,2410,
344,Hawke's Bay Region,Mclean Park,19,2440,
345,Wellington Region,Titahi Bay North,19,2580,
346,Otago Region,Mosgiel South,19,2790,
347,Hawke's Bay Region,Bluff Hill,19,2820,
348,Canterbury Region,Wainoni,19,2850,
349,Canterbury Region,Waimate,19,2920,
350,Waikato Region,Raglan,19,3070,
351,Auckland Region,Elsmore Park,19,3210,
352,Northland Region,Raumanga West,19,3240,
353,Auckland Region,Rowandale,19,3570,
354,Auckland Region,Favona South,19,3730,
355,Northland Region,Kamo East,19,3840,
356,Auckland Region,Oranga,19,4510,
357,Canterbury Region,St Albans East,19,4930,
358,Auckland Region,Fruitvale,19,4950,
359,Wellington Region,Carterton,19,5030,
360,Canterbury Region,Aorangi,19,5800,
361,Manawatu-Wanganui Region,Wanganui Central,18,1240,
362,Wellington Region,Esplanade,18,2510,
363,Waikato Region,Moanataiari,18,2520,
364,Auckland Region,Manurewa East,18,2720,
365,Canterbury Region,Islington,18,3170,
366,Waikato Region,Hikuai,18,3410,
367,Auckland Region,Rosehill,18,3550,
368,Auckland Region,Burbank,18,3770,
369,Canterbury Region,Shirley West,18,3900,
370,Wellington Region,Johnsonville Central,18,3920,
371,Northland Region,Marsden Point-Ruakaka,18,4010,
372,Wellington Region,Lansdowne,18,4130,
373,Waikato Region,Paeroa,18,4280,
374,Waikato Region,Parawai,18,4500,
375,Hawke's Bay Region,Raureka,18,4510,
376,Auckland Region,Viscount,18,4510,
377,Auckland Region,Papakura North East,18,4600,
378,Auckland Region,Hillsborough East,18,4870,
379,Auckland Region,Kaipatiki,18,5010,
380,Auckland Region,Greenmount,18,5130,
381,Auckland Region,Harania East,18,5630,
382,Canterbury Region,Barrington North,18,5770,
383,Auckland Region,Ellerslie North,18,6870,
384,Auckland Region,Target Road,18,7260,
385,Auckland Region,Ormiston,18,7310,
386,Auckland Region,Hillsborough West,18,8300,
387,Northland Region,Horahora,17,1160,
388,Tasman Region,Takaka,17,1290,
389,Wellington Region,Waiwhetu North,17,1460,
390,Auckland Region,Mt Hobson,17,1530,
391,Manawatu-Wanganui Region,Gonville West,17,1590,
392,Gisborne Region,Riverdale,17,2280,
393,Northland Region,Morningside,17,2350,
394,Wellington Region,Homedale West,17,2550,
395,Canterbury Region,Parkside,17,2580,
396,Waikato Region,Claudelands,17,2660,
397,Auckland Region,Beaumont,17,2660,
398,Auckland Region,Glen Innes East,17,3000,
399,Wellington Region,Lyall Bay-Airport-Moa Point,17,3150,
400,Bay of Plenty Region,Ngongotaha North,17,3250,
401,Auckland Region,Eden Terrace,17,3260,
402,Auckland Region,Waiuku West,17,3390,
403,Manawatu-Wanganui Region,Playford Park,17,3480,
404,Taranaki Region,Moturoa,17,3520,
405,Waikato Region,Whangamata,17,3710,
406,Auckland Region,Waiuku East,17,3790,
407,Waikato Region,Hilltop,17,3810,
408,West Coast Region,Westport Urban,17,4020,
409,Auckland Region,Onehunga North West,17,4030,
410,Auckland Region,Harania North,17,4190,
411,Waikato Region,Te Aroha,17,4200,
412,Auckland Region,Maungawhau,17,4270,
413,Waikato Region,Dinsdale South,17,4360,
414,Auckland Region,Glenfield North,17,4750,
415,Bay of Plenty Region,Kaimai,17,5640,
416,Auckland Region,Kingseat,17,6670,
417,Waikato Region,Cambridge Central,16,870,
418,Taranaki Region,Marsland Hill,16,1450,
419,Canterbury Region,Yaldhurst,16,1530,
420,Otago Region,Halfway Bush,16,1940,
421,Auckland Region,Massey Park,16,2050,
422,Wellington Region,Porirua East,16,2130,
423,Bay of Plenty Region,Pukehangi North,16,2260,
424,Hawke's Bay Region,Tamatea North,16,2600,
425,Canterbury Region,Hoon Hay,16,3050,
426,Wellington Region,Homedale East,16,3070,
427,Canterbury Region,Lyttelton,16,3090,
428,Auckland Region,Wesley,16,3290,
429,Manawatu-Wanganui Region,Awapuni North,16,3510,
430,Auckland Region,Otara West,16,3580,
431,Wellington Region,Glendale,16,3970,
432,Auckland Region,Epsom North,16,4030,
433,Northland Region,Kamo West,16,4040,
434,Tasman Region,Motueka East,16,4140,
435,Canterbury Region,Allenton East,16,4360,
436,Wellington Region,Aro Street-Nairn Street,16,4390,
437,Waikato Region,Dinsdale North,16,4420,
438,Manawatu-Wanganui Region,Hokowhitu West,16,4460,
439,Auckland Region,Warkworth,16,4490,
440,Auckland Region,Ferndale,16,4960,
441,Bay of Plenty Region,Te Maunga,16,5060,
442,Auckland Region,Balmoral,16,5990,
443,Auckland Region,Mt Albert Central,16,6220,
444,Auckland Region,Mcleod,16,6730,
445,Auckland Region,Wattle Farm,16,8010,
446,Auckland Region,Mangere Station,15,190,
447,Waikato Region,Tokanui,15,470,
448,Hawke's Bay Region,Ahuriri,15,1080,
449,Waikato Region,Coromandel,15,1610,
450,Gisborne Region,Wharekaka,15,1860,
451,Canterbury Region,Rangiora Central,15,2040,
452,Wellington Region,Brentwood,15,2190,
453,Southland Region,Waverley-Glengarry,15,2460,
454,Wellington Region,Solway North,15,2480,
455,Manawatu-Wanganui Region,Fordell-Kakatahi,15,2500,
456,Wellington Region,Arakura,15,2570,
457,Canterbury Region,Bexley,15,2590,
458,Auckland Region,St Johns,15,2910,
459,Auckland Region,New Lynn South,15,3060,
460,Auckland Region,Clendon North,15,3260,
461,Auckland Region,Pahurehure,15,3330,
462,Otago Region,Mornington,15,3390,
463,Otago Region,North Dunedin,15,3610,
464,Wellington Region,Cannons Creek East,15,3870,
465,Auckland Region,Remuera South,15,4240,
466,Auckland Region,Green Bay,15,4490,
467,Auckland Region,Abbotts Park,15,4640,
468,Auckland Region,Edgewater,15,4700,
469,Auckland Region,West Harbour,15,5320,
470,Waikato Region,Glenview,15,5730,
471,Auckland Region,Beachhaven North,15,5960,
472,Tasman Region,Richmond West,15,6600,
473,Auckland Region,Redoubt South,15,6990,
474,Manawatu-Wanganui Region,Spriggens Park,14,310,
475,Canterbury Region,Ashburton Central West,14,1050,
476,Northland Region,Moerewa,14,1570,
477,Wellington Region,Moera,14,1590,
478,Manawatu-Wanganui Region,Linton Military Camp,14,1660,
479,Auckland Region,Point Chevalier South,14,1790,
480,Waikato Region,Paraonui,14,1830,
481,Otago Region,Milton,14,1960,
482,Waikato Region,Matarawa,14,2080,
483,Wellington Region,Holborn,14,2140,
484,Taranaki Region,Spotswood,14,2170,
485,Waikato Region,Strathmore,14,2180,
486,Taranaki Region,Stratford East,14,2270,
487,Auckland Region,Parrs Park West,14,2320,
488,Auckland Region,Urlich,14,2570,
489,Bay of Plenty Region,Judea,14,2600,
490,Wellington Region,Mana-Camborne,14,2650,
491,Auckland Region,Red Hill,14,2730,
492,Waikato Region,Morrinsville West,14,2750,
493,Auckland Region,Karekare,14,2760,
494,Marlborough Region,Mayfield,14,2860,
495,Bay of Plenty Region,Bellevue,14,3760,
496,Bay of Plenty Region,Welcome Bay East,14,4160,
497,Canterbury Region,Temuka,14,4290,
498,Bay of Plenty Region,Katikati Community,14,4410,
499,Hawke's Bay Region,Taradale South,14,5580,
500,Manawatu-Wanganui Region,Milson,14,5800,
501,Auckland Region,Royal Oak,14,6120,
502,Otago Region,Caledonian,13,0,
503,Manawatu-Wanganui Region,Wanganui Collegiate,13,1180,
504,Northland Region,Vinetown,13,1640,
505,West Coast Region,Cobden,13,1670,
506,Waikato Region,Stanley Park,13,2150,
507,Auckland Region,Homai West,13,2330,
508,Wellington Region,Featherston,13,2360,
509,Southland Region,Strathern,13,2480,
510,Wellington Region,Boulcott,13,2570,
511,Waikato Region,Otorohanga,13,2640,
512,Manawatu-Wanganui Region,Papaeoia,13,2800,
513,Canterbury Region,Wharenui,13,2870,
514,Auckland Region,One Tree Hill Central,13,2900,
515,Manawatu-Wanganui Region,Feilding Central,13,2910,
516,Nelson Region,Washington,13,3100,
517,Otago Region,Bruce,13,3210,
518,Wellington Region,Titahi Bay South,13,3680,
519,Wellington Region,Heretaunga-Silverstream,13,3760,
520,Tasman Region,Golden Bay,13,3880,
521,Auckland Region,Pakuranga Central,13,3900,
522,Auckland Region,Red Beach East,13,4140,
523,Auckland Region,Waimumu South,13,4360,
524,Bay of Plenty Region,Bethlehem,13,4540,
525,Waikato Region,Morrinsville East,13,4740,
526,Auckland Region,Glendene North,13,4900,
527,Auckland Region,Mt St John,13,5210,
528,Auckland Region,Waikowhai East,13,5230,
529,Hawke's Bay Region,Onekawa West,12,300,
530,Otago Region,Forbury,12,970,
531,Manawatu-Wanganui Region,Raetihi,12,1080,
532,Taranaki Region,Patea,12,1150,
533,Waikato Region,Te Kauwhata,12,1630,
534,Auckland Region,Huapai,12,1740,
535,Northland Region,Taipa Bay-Mangonui,12,1840,
536,Canterbury Region,Richmond South,12,1990,
537,Canterbury Region,Wairarapa,12,2010,
538,Canterbury Region,Kaiapoi South,12,2170,
539,Waikato Region,Oruanui,12,2390,
540,Canterbury Region,Woolston South,12,2550,
541,Northland Region,Ngapuhi-Kaikou,12,2640,
542,Auckland Region,Royal Road West,12,3060,
543,Auckland Region,Mt Wellington West,12,3090,
544,Waikato Region,Matamata North,12,3110,
545,Bay of Plenty Region,Te Puke West,12,3180,
546,Waikato Region,Aotea,12,3180,
547,Canterbury Region,Opawa,12,3250,
548,Southland Region,Heidelberg,12,3430,
549,Otago Region,Brockville,12,3430,
550,Canterbury Region,Highfield,12,3490,
551,Auckland Region,Orakei South,12,3840,
552,Auckland Region,North Harbour East,12,4160,
553,Manawatu-Wanganui Region,Feilding North,12,4280,
554,Auckland Region,Northcote South,12,4570,
555,Auckland Region,Highland Park,12,4600,
556,Auckland Region,Woodglen,12,4920,
557,Auckland Region,Durham Green,12,4940,
558,Canterbury Region,Parklands,12,5050,
559,Wellington Region,Paraparaumu Beach South,12,5070,
560,Auckland Region,Lake Pupuke,12,5650,
561,Auckland Region,Unsworth Heights,12,6110,
562,Wellington Region,Otaki,12,6120,
563,Hawke's Bay Region,Greenmeadows,12,6730,
564,Bay of Plenty Region,Waiwhero,11,700,
565,Canterbury Region,Waltham,11,1140,
566,Hawke's Bay Region,Onekawa Central,11,1380,
567,Canterbury Region,Timaru Gardens,11,1590,
568,Waikato Region,Porritt,11,1940,
569,Taranaki Region,Eltham,11,2010,
570,Manawatu-Wanganui Region,Kowhai Park,11,2130,
571,Waikato Region,Pokeno,11,2130,
572,Wellington Region,Berhampore West,11,2610,
573,Wellington Region,Taita North,11,2750,
574,Bay of Plenty Region,Waiotahi,11,2800,
575,Wellington Region,Ascot Park,11,2830,
576,Waikato Region,Riverlea,11,2830,
577,Canterbury Region,Broomfield,11,2900,
578,Canterbury Region,Hampstead,11,2930,
579,Auckland Region,Cape Rodney South,11,3070,
580,West Coast Region,Hokitika Urban,11,3080,
581,Auckland Region,McLaren Park,11,3170,
582,Hawke's Bay Region,Parkvale,11,3250,
583,Waikato Region,Ohinemuri,11,3290,
584,Waikato Region,Grandview,11,3440,
585,Otago Region,Oamaru North,11,3480,
586,Auckland Region,Sunnybrae,11,3510,
587,Wellington Region,Paraparaumu Beach North,11,3690,
588,Gisborne Region,Whataupoko,11,3960,
589,Taranaki Region,Fitzroy,11,3980,
590,Wellington Region,Waterloo East,11,4370,
591,Auckland Region,Owairaka East,11,4670,
592,Canterbury Region,Orari,11,4800,
593,Otago Region,North East Valley,11,4900,
594,Canterbury Region,Lincoln,11,4910,
595,Auckland Region,St Lukes,11,5290,
596,Taranaki Region,Bell Block,11,5610,
597,Northland Region,Rehia-Oneriri,11,5870,
598,Auckland Region,Glen Innes North,11,6450,
599,Auckland Region,Blockhouse Bay,11,6660,
600,Auckland Region,Howick Central,11,6880,
601,Northland Region,Maungaturoto,10,860,
602,Manawatu-Wanganui Region,Ohakune,10,1080,
603,Auckland Region,Swanson,10,1360,
604,Manawatu-Wanganui Region,Lower Aramoho,10,1790,
605,Nelson Region,Bronte,10,1860,
606,Southland Region,Bluff,10,1870,
607,Taranaki Region,Welbourn,10,1960,
608,Bay of Plenty Region,Koutu,10,1990,
609,Wellington Region,Fernlea,10,2010,
610,Auckland Region,Windsor Park,10,2030,
611,Manawatu-Wanganui Region,Upper Aramoho,10,2050,
612,Manawatu-Wanganui Region,Castlecliff North,10,2080,
613,Gisborne Region,Kaiti North,10,2170,
614,Wellington Region,Wallaceville,10,2200,
615,Gisborne Region,East Cape,10,2630,
616,Wellington Region,Waiwhetu South,10,2670,
617,Canterbury Region,Casebrook,10,2730,
618,Bay of Plenty Region,Tikitere,10,2770,
619,Auckland Region,Favona North,10,2820,
620,Northland Region,Hokianga South,10,2830,
621,Canterbury Region,Redwood South,10,3080,
622,Wellington Region,Solway South,10,3170,
623,Manawatu-Wanganui Region,Mangaore-Manakau,10,3300,
624,Wellington Region,Kilbirnie West-Hataitai South,10,3390,
625,Auckland Region,Tangutu,10,3410,
626,Auckland Region,St Marys,10,3480,
627,Taranaki Region,Inglewood,10,3490,
628,Canterbury Region,Waimairi Beach,10,3520,
629,Southland Region,Kingswell-Clifton,10,3570,
630,Bay of Plenty Region,Papamoa Beach East,10,3740,
631,Wellington Region,Raumati South,10,3750,
632,Bay of Plenty Region,Welcome Bay West,10,3800,
633,Auckland Region,Point Chevalier West,10,3840,
634,Canterbury Region,Sumner,10,3870,
635,Auckland Region,Grey Lynn West,10,3870,
636,Auckland Region,Snells Beach,10,3890,
637,Canterbury Region,Marchwiel,10,4010,
638,Waikato Region,Hillcrest West,10,4030,
639,Manawatu-Wanganui Region,Westbrook,10,4270,
640,Canterbury Region,St Martins,10,4420,
641,Manawatu-Wanganui Region,Levin East,10,4520,
642,Canterbury Region,Belfast,10,4580,
643,Northland Region,Karikari Peninsula-Maungataniwha,10,4710,
644,Canterbury Region,Ilam,10,5450,
645,Auckland Region,Pakuranga East,10,5640,
646,Auckland Region,One Tree Hill East,10,6180,
647,Auckland Region,Manly,10,7160,
648,Canterbury Region,Hanmer Springs,9,900,
649,Canterbury Region,Maori Park,9,1050,
650,Gisborne Region,Makaraka,9,1300,
651,Otago Region,St Kilda Central,9,1770,
652,Northland Region,Waipu,9,1820,
653,Northland Region,Woodhill,9,1840,
654,Otago Region,Frankton,9,1980,
655,Bay of Plenty Region,Sunnybrook,9,2000,
656,Otago Region,Concord,9,2060,
657,Bay of Plenty Region,Glenholme East,9,2180,
658,Manawatu-Wanganui Region,Dannevirke West,9,2190,
659,Bay of Plenty Region,Rangiuru,9,2220,
660,Wellington Region,Ebdentown,9,2250,
661,Auckland Region,Ellerslie South,9,2280,
662,Northland Region,Onerahi,9,2350,
663,Canterbury Region,Bishopdale,9,2600,
664,Otago Region,St Kilda East,9,2720,
665,Bay of Plenty Region,Pongakawa,9,2780,
666,Waikato Region,Silverdale,9,2840,
667,Southland Region,Richmond,9,2910,
668,Bay of Plenty Region,Pukehangi South,9,2950,
669,Wellington Region,Trentham North,9,2960,
670,Nelson Region,The Wood,9,3010,
671,Otago Region,Oamaru South,9,3050,
672,Northland Region,Kaipara Coastal,9,3180,
673,Auckland Region,Ranui South,9,3330,
674,Canterbury Region,Sawyers Arms,9,3410,
675,Nelson Region,Langbein,9,3440,
676,Auckland Region,Waterview,9,3660,
677,Auckland Region,Edmonton,9,3720,
678,Wellington Region,Strathmore Park,9,3940,
679,Wellington Region,Kelburn,9,4010,
680,Bay of Plenty Region,Otumoetai North,9,4010,
681,Auckland Region,Onehunga South West,9,4160,
682,Auckland Region,Wakeling,9,4180,
683,Waikato Region,Otorohanga Rural East,9,4240,
684,Otago Region,St Clair,9,4390,
685,Canterbury Region,Wigram,9,4620,
686,Bay of Plenty Region,Minden,9,4750,
687,Canterbury Region,Waihao,9,4760,
688,Auckland Region,Westmere,9,5660,
689,Auckland Region,North Harbour West,9,5820,
690,Auckland Region,Beachlands-Maraetai,9,7450,
691,Waikato Region,Huntington,9,8630,
692,Otago Region,Harbourside,8,30,
693,Waikato Region,Amisfield,8,160,
694,Bay of Plenty Region,Ohinemutu,8,300,
695,Southland Region,Riverton East,8,460,
696,Waikato Region,Meremere,8,500,
697,Canterbury Region,Fairlie,8,730,
698,Waikato Region,Mangakino,8,780,
699,Nelson Region,Nayland,8,880,
700,Tasman Region,Riwaka,8,910,
701,Auckland Region,Parakai Urban,8,1120,
702,Manawatu-Wanganui Region,Shannon,8,1310,
703,Taranaki Region,Opunake,8,1390,
704,Manawatu-Wanganui Region,Woodville,8,1440,
705,Canterbury Region,Kaiapoi North West,8,1460,
706,Auckland Region,Ardmore,8,1470,
707,Hawke's Bay Region,Anderson Park,8,1540,
708,Southland Region,Mataura,8,1570,
709,Wellington Region,Cannons Creek South,8,1630,
710,Manawatu-Wanganui Region,Bulls,8,1630,
711,Bay of Plenty Region,Pomare,8,1700,
712,Canterbury Region,Deans Bush,8,1750,
713,Bay of Plenty Region,Edgecumbe,8,1750,
714,Nelson Region,Toi Toi,8,1810,
715,Auckland Region,Wellsford,8,1900,
716,Northland Region,Motutangi-Kareponia,8,1910,
717,Manawatu-Wanganui Region,Pahiatua,8,2480,
718,Canterbury Region,Rangiora East,8,2670,
719,Hawke's Bay Region,Tamatea South,8,2690,
720,Northland Region,Mangapa-Matauri Bay,8,2740,
721,Waikato Region,Waerenga,8,2770,
722,Auckland Region,Clevedon,8,2780,
723,Auckland Region,New Lynn North,8,2940,
724,Wellington Region,Epuni East,8,2990,
725,Auckland Region,Starling Park,8,3040,
726,Manawatu-Wanganui Region,Feilding East,8,3060,
727,Canterbury Region,Riccarton West,8,3210,
728,Auckland Region,Matipo,8,3290,
729,Canterbury Region,South Brighton,8,3340,
730,Canterbury Region,Styx Mill,8,3350,
731,Wellington Region,Kahutara,8,3350,
732,Auckland Region,Ambury,8,3500,
733,Auckland Region,Wade Heads,8,3570,
734,Wellington Region,Tawa South,8,3730,
735,Auckland Region,Drury,8,3870,
736,Canterbury Region,Somerfield,8,3890,
737,Northland Region,Wharekohe-Oakleigh,8,3890,
738,Auckland Region,Kauri Park,8,4190,
739,Auckland Region,Sunnyvale,8,4480,
740,Auckland Region,Birkenhead East,8,4570,
741,Auckland Region,Rewarewa,8,4800,
742,Auckland Region,Oaktree,8,4980,
743,Auckland Region,Te Atatu Central,8,5250,
744,Canterbury Region,Rutland,8,5360,
745,Auckland Region,Aorere,8,5990,
746,Auckland Region,Totara Heights,8,6340,
747,Auckland Region,Hauraki,8,6350,
748,Northland Region,Port-Limeburners,7,50,
749,Manawatu-Wanganui Region,Balgownie,7,240,
750,Auckland Region,Weiti River,7,510,
751,Waikato Region,Wairakei-Aratiatia,7,630,
752,Gisborne Region,Ruatoria,7,830,
753,Hawke's Bay Region,Twyford,7,1080,
754,Manawatu-Wanganui Region,Mosston,7,1120,
755,Manawatu-Wanganui Region,Tarrangower,7,1190,
756,Canterbury Region,Waimataitai,7,1290,
757,Northland Region,Mangawhai Heads,7,1300,
758,Southland Region,East Gore,7,1500,
759,Manawatu-Wanganui Region,Wembley Park,7,1620,
760,Canterbury Region,Glenwood,7,1820,
761,Canterbury Region,Methven,7,1830,
762,Wellington Region,Onepoto,7,1860,
763,Otago Region,St Kilda West,7,1910,
764,Southland Region,Fairfax,7,1970,
765,Taranaki Region,Kawaroa,7,1990,
766,Manawatu-Wanganui Region,Cloverlea,7,2060,
767,Bay of Plenty Region,Waihi Beach,7,2070,
768,Canterbury Region,Travis,7,2100,
769,Manawatu-Wanganui Region,Williams Domain,7,2150,
770,Bay of Plenty Region,Owhata East,7,2200,
771,Canterbury Region,Styx,7,2270,
772,Taranaki Region,Okoki-Okau,7,2280,
773,Auckland Region,Glenbrook,7,2290,
774,Auckland Region,Otahuhu East,7,2320,
775,Auckland Region,Arahanga,7,2440,
776,Otago Region,Orana Park,7,2530,
777,Wellington Region,Miramar,7,2530,
778,Canterbury Region,Avondale,7,2590,
779,Otago Region,Green Island,7,2740,
780,Auckland Region,Stanmore Bay West,7,2790,
781,Wellington Region,Emerald Hill,7,2890,
782,Taranaki Region,Merrilands,7,3010,
783,Southland Region,Newfield-Rockdale,7,3020,
784,Canterbury Region,Fendalton,7,3100,
785,Canterbury Region,Westburn,7,3190,
786,Canterbury Region,Harewood,7,3460,
787,Manawatu-Wanganui Region,Awapuni South,7,3500,
788,Auckland Region,Mellons Bay,7,3550,
789,Hawke's Bay Region,Pirimai,7,3570,
790,Waikato Region,Fairview Downs,7,3640,
791,Auckland Region,Sunnyhills,7,3690,
792,Wellington Region,Miramar South,7,3760,
793,Auckland Region,Remuera West,7,3780,
794,Waikato Region,Leamington West,7,3820,
795,Waikato Region,Onewhero,7,4180,
796,Wellington Region,Linden,7,4190,
797,Waikato Region,Waihou-Walton,7,4210,
798,Auckland Region,Army Bay,7,4360,
799,Waikato Region,Te Rerenga,7,4370,
800,Northland Region,Punaruku-Kiripaka,7,4540,
801,Auckland Region,Meadowland,7,4880,
802,Wellington Region,Raumati Beach,7,5080,
803,Bay of Plenty Region,Palm Springs,7,5080,
804,Auckland Region,Millhouse,7,5510,
805,Auckland Region,Mairangi Bay,7,5870,
806,Bay of Plenty Region,Hairini,7,6250,
807,Auckland Region,Lynfield North,7,6490,
808,Auckland Region,Sunnynook,7,7220,
809,Manawatu-Wanganui Region,Kelvin Grove,7,7290,
810,Wellington Region,Gracefield,6,80,
811,Taranaki Region,Kaponga,6,320,
812,Northland Region,Opua East,6,330,
813,Taranaki Region,Paraite,6,420,
814,Waikato Region,Tongariro,6,540,
815,Hawke's Bay Region,Pakowhai,6,650,
816,Canterbury Region,Prestons,6,690,
817,Canterbury Region,Hendersons Basin,6,710,
818,Hawke's Bay Region,Mahia,6,760,
819,Taranaki Region,Waverley,6,810,
820,Taranaki Region,Manaia,6,1000,
821,Wellington Region,Oriental Bay,6,1120,
822,Northland Region,Ahipara,6,1150,
823,Northland Region,Kensington,6,1380,
824,Otago Region,Port Chalmers,6,1410,
825,Bay of Plenty Region,Fenton,6,1480,
826,Auckland Region,Parrs Park,6,1520,
827,Northland Region,Mangawhai,6,1670,
828,Northland Region,Ngunguru,6,1700,
829,Taranaki Region,Mangatoki-Moeroa,6,1750,
830,Otago Region,Belleknowes,6,1810,
831,Hawke's Bay Region,Meeanee,6,1820,
832,Northland Region,Hokianga North,6,1820,
833,Otago Region,Abbotsford,6,1840,
834,Manawatu-Wanganui Region,Tawhero,6,1920,
835,Hawke's Bay Region,Bay View,6,1980,
836,Wellington Region,Alicetown,6,2050,
837,Hawke's Bay Region,Waipawa,6,2070,
838,Canterbury Region,Heathcote Valley,6,2100,
839,Gisborne Region,Tiniroto,6,2100,
840,Taranaki Region,Marfell,6,2190,
841,Southland Region,Winton,6,2310,
842,Bay of Plenty Region,Upper Papamoa,6,2310,
843,Otago Region,Roslyn South,6,2350,
844,Southland Region,Hawthorndale,6,2360,
845,Auckland Region,Hyperion,6,2410,
846,Canterbury Region,Watlington,6,2420,
847,Auckland Region,Hingaia,6,2420,
848,Canterbury Region,Geraldine,6,2440,
849,Wellington Region,Avalon West,6,2540,
850,Canterbury Region,St Albans West,6,2560,
851,Otago Region,Bush Road,6,2630,
852,Northland Region,Mairtown,6,2640,
853,Canterbury Region,Chertsey,6,2690,
854,Canterbury Region,Hurunui,6,2800,
855,Southland Region,West Gore,6,2810,
856,Manawatu-Wanganui Region,Ashhurst,6,3030,
857,Hawke's Bay Region,Iona,6,3030,
858,Auckland Region,Silverdale Central,6,3040,
859,Bay of Plenty Region,Aongatete,6,3060,
860,Auckland Region,Cape Rodney,6,3120,
861,Canterbury Region,Mairehau,6,3130,
862,Canterbury Region,Barrington South,6,3150,
863,Manawatu-Wanganui Region,Terrace End,6,3150,
864,Otago Region,Wakari,6,3290,
865,Manawatu-Wanganui Region,Oroua Downs-Waitohi,6,3400,
866,Auckland Region,Fairview,6,3460,
867,Manawatu-Wanganui Region,Norsewood-Herbertville,6,3520,
868,Canterbury Region,Mt Pleasant,6,3550,
869,Auckland Region,Sandringham East,6,3640,
870,Taranaki Region,Frankleigh,6,3690,
871,Canterbury Region,Belfast South,6,3700,
872,Auckland Region,Oratia,6,3730,
873,Wellington Region,Newlands South,6,3880,
874,Auckland Region,Epsom South,6,4030,
875,Waikato Region,Leamington East,6,4100,
876,Bay of Plenty Region,Springfield,6,4280,
877,Auckland Region,Crum Park,6,4300,
878,Auckland Region,Waitaramoa,6,4360,
879,Otago Region,Dunstan,6,4830,
880,Auckland Region,Ocean View,6,4850,
881,Canterbury Region,Travis Wetland,6,5090,
882,Auckland Region,Beachhaven South,6,5100,
883,Taranaki Region,Struan Park,6,5130,
884,Auckland Region,Howick South,6,5430,
885,Hawke's Bay Region,Taradale North,6,5600,
886,Auckland Region,Mt Victoria,6,5800,
887,Auckland Region,Glendhu,6,6030,
888,Waikato Region,Bryant,6,6150,
889,Auckland Region,Meadowbank North,6,7050,
890,Auckland Region,New Windsor,6,7290,
891,Auckland Region,Baverstock Oaks,6,7620,
892,Auckland Region,Greenhithe,6,9100,
893,Hawke's Bay Region,Woolwich,5,40,
894,Manawatu-Wanganui Region,Oroua Bridge,5,240,
895,Bay of Plenty Region,Whaka,5,240,
896,Hawke's Bay Region,Awatoto,5,330,
897,Bay of Plenty Region,Ngapuna,5,490,
898,Bay of Plenty Region,Te Teko,5,540,
899,Waikato Region,Wawa,5,780,
900,Hawke's Bay Region,Whakatu,5,870,
901,Wellington Region,Waterloo West,5,930,
902,Manawatu-Wanganui Region,Papatawa,5,1060,
903,Wellington Region,Pauatahanui,5,1100,
904,Canterbury Region,Twizel Community,5,1210,
905,West Coast Region,South Beach-Camerons,5,1270,
906,Auckland Region,Wymondley,5,1390,
907,Bay of Plenty Region,Utuhina,5,1470,
908,Bay of Plenty Region,Kaitemako,5,1520,
909,Auckland Region,Kumeu East,5,1570,
910,Northland Region,Hikurangi,5,1580,
911,Auckland Region,Birdwood East,5,1620,
912,Manawatu-Wanganui Region,Mangatainoka,5,1630,
913,Waikato Region,Marokopa,5,1650,
914,Waikato Region,Mangatawhiri,5,1650,
915,Bay of Plenty Region,Tahawai,5,1800,
916,Auckland Region,Burswood,5,1860,
917,Canterbury Region,Dallington,5,1930,
918,Canterbury Region,Mansfield,5,1970,
919,Manawatu-Wanganui Region,Turitea,5,1980,
920,Southland Region,Te Anau,5,2000,
921,Waikato Region,Hautapu,5,2020,
922,Manawatu-Wanganui Region,Kauwhata,5,2040,
923,Northland Region,Herekino,5,2180,
924,Waikato Region,Pukete West,5,2190,
925,Canterbury Region,Kaiapoi North East,5,2230,
926,Waikato Region,Arapuni,5,2310,
927,Wellington Region,Greytown,5,2320,
928,Auckland Region,Whenuapai West,5,2350,
929,Northland Region,Whau Valley,5,2580,
930,Waikato Region,Whatawhata,5,2640,
931,Taranaki Region,Kahui,5,2710,
932,Auckland Region,Awhitu,5,2710,
933,Auckland Region,Ponsonby West,5,2780,
934,Wellington Region,Newlands North,5,2790,
935,Wellington Region,Kelson,5,2820,
936,Canterbury Region,Mt Somers,5,2830,
937,Manawatu-Wanganui Region,Lake Alice,5,2830,
938,Auckland Region,Dairy Flat-Redvale,5,2900,
939,Taranaki Region,Kaimata,5,2910,
940,Waikato Region,Kainui,5,2960,
941,Canterbury Region,Fraser Park,5,2980,
942,Wellington Region,Totara Park,5,3000,
943,Auckland Region,Sherbourne,5,3070,
944,Auckland Region,Glendene South,5,3100,
945,Bay of Plenty Region,Pacific View,5,3110,
946,Canterbury Region,Bryndwr,5,3150,
947,Otago Region,Clutha,5,3320,
948,Canterbury Region,Malvern,5,3450,
949,Wellington Region,Tawhai,5,3460,
950,Canterbury Region,Oaklands East,5,3530,
951,Manawatu-Wanganui Region,Aokautere,5,3550,
952,Wellington Region,Karori East,5,3700,
953,Wellington Region,Island Bay East,5,3710,
954,Auckland Region,Seacliffe,5,3740,
955,Wellington Region,Waikanae West,5,3840,
956,Wellington Region,Raroa,5,3870,
957,Canterbury Region,Strowan,5,3980,
958,Otago Region,Maheno,5,4070,
959,Auckland Region,Kohimarama East,5,4100,
960,Tasman Region,Motueka Outer,5,4220,
961,Marlborough Region,Springlands,5,4410,
962,Canterbury Region,Redwood North,5,4430,
963,Wellington Region,Karori South,5,4480,
964,Auckland Region,Hunua,5,4630,
965,Auckland Region,Lynfield South,5,4770,
966,Wellington Region,Hataitai North,5,4790,
967,Auckland Region,Pakuranga North,5,4820,
968,Canterbury Region,Hinds,5,5030,
969,Northland Region,Opouteke-Tanekaha,5,5070,
970,Auckland Region,Mt Eden South,5,5330,
971,Auckland Region,Monarch Park,5,5360,
972,Auckland Region,Bucklands and Eastern Beaches,5,5620,
973,Tasman Region,Wai-Iti,5,5660,
974,Bay of Plenty Region,Pyes Pa,5,7040,
975,Bay of Plenty Region,Sulphur Point,4,30,
976,Southland Region,West Invercargill,4,130,
977,Wellington Region,Maidstone,4,130,
978,Waikato Region,Redoubt,4,220,
979,West Coast Region,Haast,4,260,
980,Wellington Region,Masterton Railway,4,290,
981,Otago Region,Hampden,4,300,
982,Waikato Region,Tatua,4,330,
983,Wellington Region,Cloustonville,4,410,
984,Bay of Plenty Region,Te Kaha,4,410,
985,Gisborne Region,Tokomaru Bay,4,410,
986,Manawatu-Wanganui Region,Eketahuna,4,440,
987,Otago Region,Warrington,4,460,
988,Hawke's Bay Region,Takapau,4,530,
989,Northland Region,Kaeo,4,530,
990,Gisborne Region,Te Karaka,4,540,
991,Northland Region,Rawene,4,540,
992,Bay of Plenty Region,Orini,4,560,
993,Manawatu-Wanganui Region,Manunui,4,580,
994,Bay of Plenty Region,Matata,4,670,
995,Otago Region,Ranfurly,4,710,
996,Otago Region,Outer Wakatipu,4,740,
997,Waikato Region,Rangatira Park,4,780,
998,Northland Region,Riverside,4,790,
999,Bay of Plenty Region,Poike,4,800,
1000,Gisborne Region,Tolaga Bay,4,830,
1001,Manawatu-Wanganui Region,Waiouru,4,840,
1002,Otago Region,Woodhaugh,4,860,
1003,Canterbury Region,Highfield Park,4,880,
1004,Auckland Region,Bombay,4,880,
1005,Taranaki Region,Mount Bryan,4,910,
1006,Marlborough Region,Omaka,4,920,
1007,Canterbury Region,Washdyke,4,930,
1008,Canterbury Region,Southbridge,4,940,
1009,Nelson Region,Nelson Airport,4,960,
1010,Bay of Plenty Region,Paengaroa,4,960,
1011,Canterbury Region,Waikuku,4,990,
1012,Waikato Region,Waipa Valley,4,1100,
1013,Hawke's Bay Region,Westshore,4,1110,
1014,Bay of Plenty Region,Selwyn Heights,4,1160,
1015,Otago Region,Broad Bay-Portobello,4,1170,
1016,Bay of Plenty Region,Cape Runaway,4,1170,
1017,Taranaki Region,Toko,4,1210,
1018,Canterbury Region,Clarkville,4,1240,
1019,Wellington Region,Heretaunga,4,1260,
1020,Taranaki Region,Pembroke,4,1270,
1021,Marlborough Region,Spring Creek-Grovetown,4,1290,
1022,Wellington Region,Ranui Heights,4,1370,
1023,Wellington Region,Korokoro,4,1400,
1024,Auckland Region,Hobsonville East,4,1470,
1025,Wellington Region,Opaki-Fernridge,4,1480,
1026,Hawke's Bay Region,Karamu,4,1480,
1027,Auckland Region,Riverhead Urban,4,1490,
1028,Otago Region,Evansdale,4,1520,
1029,Wellington Region,Otaki Forks,4,1560,
1030,Northland Region,Springs Flat,4,1610,
1031,Auckland Region,South Head,4,1610,
1032,Canterbury Region,Kaikoura Rural,4,1620,
1033,Southland Region,North Gore,4,1640,
1034,Southland Region,Waikaia,4,1750,
1035,Wellington Region,Paparangi,4,1830,
1036,Wellington Region,Happy Valley-Owhiro Bay,4,1840,
1037,Wellington Region,Roseneath,4,1840,
1038,Bay of Plenty Region,Rotoma,4,1840,
1039,Waikato Region,Te Uku,4,2010,
1040,Waikato Region,Rotoorangi,4,2020,
1041,Canterbury Region,Oxford,4,2100,
1042,Auckland Region,Waitakere,4,2120,
1043,Waikato Region,Kihikihi,4,2130,
1044,Nelson Region,Saxton,4,2140,
1045,Northland Region,Waiotira-Springfield,4,2140,
1046,Auckland Region,Rewiti,4,2170,
1047,Marlborough Region,Renwick,4,2230,
1048,Waikato Region,Whitikahu,4,2290,
1049,Southland Region,Waikiwi,4,2420,
1050,Wellington Region,Papakowhai South,4,2530,
1051,Canterbury Region,Rolleston North East,4,2570,
1052,Nelson Region,Ngawhatu,4,2570,
1053,Manawatu-Wanganui Region,Tokorangi-Hiwinui,4,2570,
1054,Otago Region,Sunshine Bay,4,2590,
1055,Otago Region,Musselburgh,4,2750,
1056,Wellington Region,Belmont,4,2810,
1057,Auckland Region,Palm Heights,4,2820,
1058,Waikato Region,Karapiro,4,2830,
1059,Auckland Region,Patumahoe,4,2830,
1060,Hawke's Bay Region,Tikokino,4,2840,
1061,Bay of Plenty Region,Doncaster,4,2880,
1062,Bay of Plenty Region,Maungatapu,4,2900,
1063,Taranaki Region,Waitara East,4,2960,
1064,Otago Region,Taieri,4,3010,
1065,Wellington Region,Maoribank,4,3060,
1066,Bay of Plenty Region,Ohope,4,3070,
1067,Wellington Region,Masterton West,4,3090,
1068,Canterbury Region,Moncks Bay,4,3200,
1069,Canterbury Region,Avonhead West,4,3240,
1070,Canterbury Region,Springston,4,3270,
1071,Canterbury Region,Rolleston Central,4,3270,
1072,Waikato Region,Queenwood,4,3330,
1073,Northland Region,Tikipunga East,4,3330,
1074,Canterbury Region,Aidanfield,4,3370,
1075,Auckland Region,Kaurilands,4,3440,
1076,Bay of Plenty Region,Lynmore,4,3560,
1077,Bay of Plenty Region,Otumoetai South,4,3690,
1078,Auckland Region,Konini,4,3800,
1079,Bay of Plenty Region,Otakiri,4,3870,
1080,Wellington Region,Maungaraki,4,3900,
1081,Auckland Region,Awaruku,4,3930,
1082,Auckland Region,Windy Ridge,4,3950,
1083,Canterbury Region,Levels,4,4040,
1084,Otago Region,Vauxhall,4,4100,
1085,Southland Region,Rosedale,4,4100,
1086,Canterbury Region,Selwyn-Rakaia,4,4370,
1087,Auckland Region,Birkdale South,4,4470,
1088,Auckland Region,Waiata,4,4500,
1089,Wellington Region,Karori Park,4,4570,
1090,Auckland Region,Glendowie,4,4590,
1091,Auckland Region,Tauhoa-Puhoi,4,4890,
1092,Manawatu-Wanganui Region,Hokowhitu East,4,5320,
1093,Auckland Region,St Heliers,4,5380,
1094,Auckland Region,Lucken Point,4,5790,
1095,Auckland Region,Point View,4,5830,
1096,Auckland Region,Rothesay Bay,4,5880,
1097,Auckland Region,Forrest Hill,4,6200,
1098,Waikato Region,Rotokauri,3,170,
1099,Hawke's Bay Region,Frasertown,3,250,
1100,Auckland Region,Waiwera,3,330,
1101,Auckland Region,Massey West,3,380,
1102,Tasman Region,Tapawera,3,390,
1103,Southland Region,Stewart Island,3,400,
1104,Hawke's Bay Region,Omahu,3,410,
1105,Manawatu-Wanganui Region,Himatangi Beach,3,440,
1106,Bay of Plenty Region,Kairua,3,450,
1107,Waikato Region,Waitahanui,3,450,
1108,Northland Region,Te Kopuru,3,510,
1109,Manawatu-Wanganui Region,Sanson,3,550,
1110,Otago Region,Roxburgh,3,560,
1111,Waikato Region,Pokuru,3,560,
1112,Wellington Region,Homebush-Te Ore Ore,3,570,
1113,Manawatu-Wanganui Region,Waitarere,3,620,
1114,Northland Region,Kaiwaka,3,650,
1115,Nelson Region,Maitai,3,660,
1116,Otago Region,Kaikorai Hill,3,670,
1117,Wellington Region,Melling,3,690,
1118,Bay of Plenty Region,Matapihi,3,710,
1119,Hawke's Bay Region,Tangoio,3,720,
1120,Bay of Plenty Region,Mamaku,3,740,
1121,Northland Region,Okaihau,3,750,
1122,Bay of Plenty Region,Taneatua,3,790,
1123,Northland Region,Russell,3,790,
1124,Auckland Region,Muriwai Valley,3,800,
1125,Otago Region,Palmerston,3,840,
1126,Canterbury Region,Akaroa Harbour,3,840,
1127,Tasman Region,Kaiteriteri,3,850,
1128,Manawatu-Wanganui Region,Massey University,3,860,
1129,Wellington Region,Makara-Ohariu,3,880,
1130,Tasman Region,Golden Downs,3,910,
1131,Auckland Region,Great Barrier Island,3,920,
1132,Northland Region,Waitangi,3,920,
1133,West Coast Region,Blaketown,3,930,
1134,Northland Region,Haruru Falls,3,940,
1135,Waikato Region,Hinuera,3,950,
1136,West Coast Region,Reefton,3,1010,
1137,Otago Region,Saddle Hill,3,1020,
1138,Bay of Plenty Region,Coastlands,3,1030,
1139,Waikato Region,Tapapa,3,1030,
1140,Wellington Region,Maungakotukutuku,3,1040,
1141,Wellington Region,Berhampore East,3,1060,
1142,Waikato Region,Lichfield,3,1070,
1143,Otago Region,Clyde,3,1090,
1144,Waikato Region,Maramarua,3,1100,
1145,Auckland Region,Kawakawa-Orere,3,1100,
1146,Canterbury Region,Burwood,3,1110,
1147,Wellington Region,Johnsonville East,3,1130,
1148,Auckland Region,Waimauku,3,1130,
1149,Marlborough Region,Tuamarina,3,1170,
1150,Tasman Region,Hope,3,1210,
1151,Otago Region,Opoho,3,1230,
1152,Northland Region,Parahaki,3,1250,
1153,West Coast Region,Runanga-Rapahoe,3,1260,
1154,Waikato Region,Lake Cameron,3,1290,
1155,Wellington Region,Otaihanga,3,1310,
1156,Manawatu-Wanganui Region,Gonville East,3,1330,
1157,Nelson Region,Britannia,3,1360,
1158,Wellington Region,Grenada Village,3,1370,
1159,Waikato Region,Golden Springs,3,1390,
1160,Marlborough Region,Waikawa,3,1410,
1161,Bay of Plenty Region,Matahina-Minginui,3,1440,
1162,Nelson Region,The Brook,3,1500,
1163,Waikato Region,Pirongia,3,1500,
1164,Wellington Region,Maupuia,3,1570,
1165,Marlborough Region,Wairau South,3,1590,
1166,Manawatu-Wanganui Region,Waiopehu,3,1630,
1167,Manawatu-Wanganui Region,Maxwell,3,1690,
1168,Canterbury Region,Leeston,3,1700,
1169,Southland Region,Chatton,3,1700,
1170,Canterbury Region,Halswell Domain,3,1730,
1171,Canterbury Region,Amberley,3,1760,
1172,Gisborne Region,Wainui,3,1840,
1173,Canterbury Region,Mairehau North,3,1900,
1174,Otago Region,Kenmure,3,1900,
1175,Canterbury Region,Templeton,3,1940,
1176,Manawatu-Wanganui Region,Springvale East,3,1940,
1177,Wellington Region,Johnsonville North,3,1980,
1178,Canterbury Region,Darfield,3,2070,
1179,Bay of Plenty Region,Urewera,3,2090,
1180,Canterbury Region,Hoon Hay South,3,2100,
1181,Waikato Region,Okauia,3,2100,
1182,Canterbury Region,Allenton West,3,2170,
1183,Wellington Region,Plimmerton,3,2200,
1184,Northland Region,Parua Bay,3,2200,
1185,Canterbury Region,Holmwood,3,2210,
1186,Waikato Region,Ngahinapouri,3,2280,
1187,Auckland Region,Opanuku,3,2280,
1188,Waikato Region,Richmond Heights,3,2310,
1189,Taranaki Region,Lynmouth,3,2330,
1190,Wellington Region,Poets Block,3,2350,
1191,Hawke's Bay Region,Haumoana,3,2350,
1192,Wellington Region,Papakowhai North,3,2360,
1193,Waikato Region,Eureka,3,2370,
1194,Otago Region,Pine Hill,3,2450,
1195,Waikato Region,Pukete,3,2500,
1196,Canterbury Region,Gleniti,3,2530,
1197,Otago Region,Fairfield,3,2530,
1198,Canterbury Region,Oaklands West,3,2560,
1199,Canterbury Region,Westhaven,3,2560,
1200,Otago Region,Andersons Bay,3,2580,
1201,Nelson Region,Maitlands,3,2610,
1202,Wellington Region,Clouston Park,3,2610,
1203,Auckland Region,Golfland,3,2650,
1204,Auckland Region,Kaukapakapa Rural,3,2670,
1205,Auckland Region,Bayswater,3,2720,
1206,Wellington Region,Karori North,3,2770,
1207,Auckland Region,Gulf Harbour,3,2780,
1208,Auckland Region,Stanmore Bay East,3,2790,
1209,Wellington Region,Discovery,3,2830,
1210,Canterbury Region,Woodend,3,2890,
1211,Auckland Region,Parnell East,3,2890,
1212,Auckland Region,Bucklands Beach South,3,2930,
1213,Auckland Region,Mt Eden East,3,2970,
1214,Auckland Region,Howick West,3,2980,
1215,Auckland Region,Vipond,3,3000,
1216,Hawke's Bay Region,Elsthorpe-Flemington,3,3180,
1217,Wellington Region,Waikanae Beach,3,3200,
1218,Waikato Region,Cambridge North,3,3240,
1219,Auckland Region,Birkdale North,3,3250,
1220,Canterbury Region,Tinwald,3,3270,
1221,Taranaki Region,Highlands Park,3,3310,
1222,Hawke's Bay Region,Havelock North Central,3,3330,
1223,Auckland Region,Witheford,3,3400,
1224,Northland Region,Waihou Valley-Hupara,3,3510,
1225,Wellington Region,Island Bay West,3,3530,
1226,Auckland Region,Pigeon Mountain North,3,3610,
1227,Bay of Plenty Region,Gravatt,3,3690,
1228,Auckland Region,Titirangi South,3,3700,
1229,Auckland Region,Crown Hill,3,3830,
1230,Canterbury Region,Avonhead,3,3880,
1231,Canterbury Region,Kirwee,3,4080,
1232,Auckland Region,Half Moon Bay,3,4080,
1233,Auckland Region,Tahekeroa,3,4140,
1234,Auckland Region,Epsom Central,3,4190,
1235,Wellington Region,Brooklyn,3,4260,
1236,Canterbury Region,Bishopdale North,3,5010,
1237,Auckland Region,Northcross,3,5060,
1238,Bay of Plenty Region,Matua,3,5440,
1239,Waikato Region,Inland Water-Lake Taupo,2,0,
1240,Nelson Region,Inlet-Tasman Bay,2,0,
1241,Tasman Region,Rabbit Island,2,0,
1242,Bay of Plenty Region,Inlet-Tauranga Harbour,2,0,
1243,Northland Region,Inlet-Whangarei Harbour,2,10,
1244,Waikato Region,Taupo East,2,10,
1245,Marlborough Region,Marlborough Sounds Coastal Marine,2,30,
1246,Canterbury Region,Redruth,2,70,
1247,Waikato Region,Rangipo,2,110,
1248,Manawatu-Wanganui Region,Ohura,2,140,
1249,Hawke's Bay Region,Porangahau,2,200,
1250,Marlborough Region,Weld Pass,2,210,
1251,Hawke's Bay Region,Tuai,2,220,
1252,Southland Region,Manapouri,2,240,
1253,Waikato Region,Mangakaretu,2,240,
1254,Bay of Plenty Region,Poets Corner,2,280,
1255,Otago Region,Lake Hayes,2,310,
1256,West Coast Region,Fox Glacier,2,320,
1257,West Coast Region,Ahaura,2,340,
1258,Canterbury Region,Ashburton East,2,350,
1259,West Coast Region,Karamea,2,350,
1260,Waikato Region,Kawhia Community,2,350,
1261,Wellington Region,Grenada North,2,370,
1262,West Coast Region,Nelson Creek-Ngahere,2,370,
1263,Wellington Region,Haywards-Manor Park,2,400,
1264,Manawatu-Wanganui Region,Hunterville,2,420,
1265,Taranaki Region,Urenui,2,420,
1266,Waikato Region,Piopio,2,430,
1267,Canterbury Region,Culverden,2,440,
1268,Canterbury Region,Pareora,2,450,
1269,West Coast Region,Franz Josef,2,500,
1270,Marlborough Region,Havelock,2,520,
1271,Tasman Region,Murchison,2,530,
1272,Auckland Region,Runciman,2,540,
1273,Southland Region,Tuatapere,2,570,
1274,Otago Region,Corstorphine West,2,570,
1275,Southland Region,Oreti Beach,2,580,
1276,Hawke's Bay Region,Brookvale,2,610,
1277,West Coast Region,Waimea-Arahura,2,670,
1278,Manawatu-Wanganui Region,Longburn,2,680,
1279,Auckland Region,Omaha,2,680,
1280,Hawke's Bay Region,Pakipaki,2,690,
1281,Southland Region,Otautau,2,720,
1282,Waikato Region,Parkdale,2,720,
1283,Otago Region,Waihemo,2,750,
1284,Otago Region,Outram,2,760,
1285,Otago Region,Kaitangata,2,770,
1286,Otago Region,Balmacewen,2,790,
1287,Manawatu-Wanganui Region,Lake Horowhenua,2,790,
1288,Otago Region,Weston,2,840,
1289,Waikato Region,Te Poi,2,850,
1290,Waikato Region,Kihikihi Flat,2,870,
1291,Auckland Region,St Lukes North,2,870,
1292,Canterbury Region,Kaiapoi East,2,890,
1293,Taranaki Region,Normanby,2,900,
1294,Taranaki Region,Glen Avon,2,960,
1295,Auckland Region,Mill Road,2,970,
1296,Taranaki Region,Carrington,2,980,
1297,Waikato Region,Te Rahu,2,990,
1298,Waikato Region,Te Akau,2,1010,
1299,Northland Region,Houhora,2,1010,
1300,Southland Region,Riverton West,2,1050,
1301,Otago Region,Teviot,2,1090,
1302,Manawatu-Wanganui Region,Whakarongo,2,1090,
1303,Bay of Plenty Region,Maketu Community,2,1100,
1304,Auckland Region,Long Bay,2,1110,
1305,Otago Region,Maniototo,2,1120,
1306,Manawatu-Wanganui Region,Maewa,2,1150,
1307,Manawatu-Wanganui Region,Pohangina,2,1160,
1308,Auckland Region,Paerata-Cape Hill,2,1170,
1309,Auckland Region,Silverdale South,2,1190,
1310,Marlborough Region,Rapaura,2,1240,
1311,Manawatu-Wanganui Region,Tangiwai,2,1280,
1312,Bay of Plenty Region,Ngongotaha South,2,1300,
1313,Canterbury Region,Rolleston South East,2,1320,
1314,Southland Region,Te Waewae,2,1330,
1315,Waikato Region,Tairua,2,1330,
1316,Hawke's Bay Region,Maraekakaho,2,1340,
1317,Canterbury Region,Pleasant Point,2,1350,
1318,Wellington Region,Woburn North,2,1350,
1319,Waikato Region,Te Awamutu West,2,1370,
1320,Northland Region,Bream Head,2,1430,
1321,Canterbury Region,Rapaki Track,2,1460,
1322,Manawatu-Wanganui Region,Kiwitea,2,1460,
1323,Otago Region,Brighton,2,1470,
1324,Northland Region,Maunu,2,1480,
1325,Manawatu-Wanganui Region,Durie Hill,2,1500,
1326,Canterbury Region,Diamond Harbour,2,1570,
1327,Waikato Region,Swayne,2,1610,
1328,Otago Region,East Taieri,2,1630,
1329,Manawatu-Wanganui Region,Hokowhitu Lagoon,2,1640,
1330,Manawatu-Wanganui Region,Ngapuke,2,1640,
1331,Waikato Region,Nukuhau,2,1640,
1332,Taranaki Region,Upper Westown,2,1670,
1333,Waikato Region,Ngakuru,2,1710,
1334,Wellington Region,Whareama,2,1740,
1335,Wellington Region,Paekakariki,2,1750,
1336,Northland Region,Maungaru,2,1800,
1337,Wellington Region,Te Wharau,2,1830,
1338,Hawke's Bay Region,Clive,2,1850,
1339,Bay of Plenty Region,Kawaha Point,2,1870,
1340,Tasman Region,Brightwater,2,1910,
1341,Canterbury Region,Netherby,2,1940,
1342,Waikato Region,Otorohanga Rural West,2,1980,
1343,Southland Region,Waianiwa,2,2010,
1344,Canterbury Region,Trents-Ladbrooks,2,2020,
1345,Waikato Region,Waipahihi,2,2020,
1346,Manawatu-Wanganui Region,Pohonui-Porewa,2,2090,
1347,Wellington Region,Wilton,2,2140,
1348,Wellington Region,Normandale,2,2140,
1349,Manawatu-Wanganui Region,St Johns Hill,2,2230,
1350,Wellington Region,Kingston-Mornington,2,2300,
1351,Wellington Region,Waikanae East,2,2300,
1352,Waikato Region,Matangi,2,2340,
1353,Auckland Region,Turanga,2,2350,
1354,Nelson Region,Tahuna Hills,2,2400,
1355,Canterbury Region,Halswell South,2,2460,
1356,Otago Region,Hawea,2,2480,
1357,Waikato Region,Otaua,2,2520,
1358,Canterbury Region,Beckenham,2,2560,
1359,Waikato Region,Hauraki Plains,2,2610,
1360,Wellington Region,Paremata-Postgate,2,2650,
1361,Wellington Region,Miramar North,2,2650,
1362,Northland Region,Pokere-Waihaha,2,2650,
1363,Wellington Region,Rangoon Heights,2,2660,
1364,Southland Region,Otatara,2,2680,
1365,Auckland Region,Red Beach West,2,2730,
1366,Nelson Region,Atawhai,2,2790,
1367,Bay of Plenty Region,Omokoroa,2,2790,
1368,Hawke's Bay Region,Hospital Hill,2,2810,
1369,Waikato Region,Sylvester,2,2850,
1370,Northland Region,Kapiro,2,2870,
1371,Waikato Region,Cambridge West,2,2880,
1372,Waikato Region,Brymer,2,2930,
1373,Canterbury Region,Leithfield,2,3080,
1374,Taranaki Region,Kaitake,2,3110,
1375,Auckland Region,Otimai,2,3170,
1376,Southland Region,Windsor,2,3190,
1377,Marlborough Region,Marlborough Sounds Terrestrial,2,3300,
1378,Nelson Region,Enner Glynn,2,3380,
1379,Canterbury Region,Russley,2,3400,
1380,Waikato Region,Rototuna,2,3440,
1381,Auckland Region,Kohimarama West,2,3690,
1382,Wellington Region,Melrose-Houghton Bay-Southgate,2,3760,
1383,Wellington Region,Wadestown,2,3830,
1384,Auckland Region,Onehunga North East,2,3920,
1385,Auckland Region,Waikowhai West,2,4000,
1386,Waikato Region,Flagstaff,2,4160,
1387,Auckland Region,Chelsea,2,4230,
1388,Waikato Region,Waikato Western Hills,2,4300,
1389,Auckland Region,Murvale,2,4400,
1390,Marlborough Region,Witherlea,2,5090,
1391,Auckland Region,Cockle Bay,2,5190,
1392,Auckland Region,Torbay,2,5330,
1393,Waikato Region,Tamahere-Tauwhare,2,6110,
1394,Auckland Region,Avondale South,2,6110,
1395,Northland Region,Inlet-Port Whangarei,1,0,
1396,Auckland Region,Tidal-Eastern Bays,1,0,
1397,Auckland Region,Inlet-Manukau Harbour,1,0,
1398,Otago Region,Inland Water-Lake Wakatipu,1,0,
1399,Tasman Region,Oceanic-Tasman Region,1,0,
1400,Auckland Region,Oceanic-Auckland Region East,1,10,
1401,Wellington Region,Ngauranga West,1,10,
1402,Auckland Region,Half Moon Bay Marina,1,10,
1403,Northland Region,Bay of Islands,1,10,
1404,Auckland Region,Tamaki Strait,1,20,
1405,Wellington Region,Ngauranga East,1,40,
1406,Hawke's Bay Region,Taharua,1,60,
1407,West Coast Region,Greymouth Rural,1,80,
1408,Otago Region,Benhar,1,100,
1409,Manawatu-Wanganui Region,Koitiata,1,110,
1410,Southland Region,Milford,1,120,
1411,Southland Region,Balfour Community,1,120,
1412,Waikato Region,Te Rapa North,1,150,
1413,Bay of Plenty Region,Rangitaiki,1,150,
1414,Auckland Region,Inlet-Waitemata Harbour,1,170,
1415,Wellington Region,Kaiwharawhara,1,170,
1416,Auckland Region,Orewa West,1,180,
1417,Manawatu-Wanganui Region,Owhango,1,190,
1418,Waikato Region,Newstead,1,220,
1419,Otago Region,Kaka Point,1,230,
1420,West Coast Region,Taramakau,1,250,
1421,Waikato Region,Kinleith,1,250,
1422,Hawke's Bay Region,Nuhaka,1,250,
1423,Canterbury Region,Winchester,1,260,
1424,West Coast Region,Lake Brunner,1,270,
1425,Canterbury Region,Waiau,1,280,
1426,Northland Region,Western Hills,1,280,
1427,Southland Region,Tisbury,1,290,
1428,West Coast Region,Ross,1,290,
1429,Canterbury Region,Omarama,1,300,
1430,Bay of Plenty Region,Oponae,1,300,
1431,Southland Region,Nightcaps,1,310,
1432,Auckland Region,Matakana,1,310,
1433,West Coast Region,Whataroa,1,320,
1434,Manawatu-Wanganui Region,Rakiraki,1,330,
1435,Southland Region,Makarewa North,1,340,
1436,Hawke's Bay Region,Puketitiri,1,360,
1437,Hawke's Bay Region,Waiohiki,1,360,
1438,Wellington Region,Glenside North,1,370,
1439,West Coast Region,Mawheraiti,1,370,
1440,Northland Region,Awanui,1,370,
1441,Southland Region,Riversdale Community,1,380,
1442,Canterbury Region,Cheviot,1,390,
1443,Canterbury Region,Lake Tekapo,1,400,
1444,Auckland Region,Bremner,1,400,
1445,Waikato Region,Mahoenui,1,410,
1446,Southland Region,Lumsden Community,1,420,
1447,Otago Region,Lawrence,1,440,
1448,Waikato Region,Reporoa,1,450,
1449,Otago Region,Taiaroa-Cape Saunders,1,470,
1450,Otago Region,Jacks Point,1,470,
1451,Waikato Region,Taupiri Community,1,470,
1452,Northland Region,Omapere and Opononi,1,470,
1453,Marlborough Region,Riverlands,1,480,
1454,Hawke's Bay Region,Irongate,1,490,
1455,Wellington Region,Waingawa,1,510,
1456,West Coast Region,Kaniere,1,510,
1457,Manawatu-Wanganui Region,Opiki,1,530,
1458,Manawatu-Wanganui Region,Marybank-Gordon Park,1,530,
1459,Waikato Region,Waharoa,1,530,
1460,Otago Region,Waitati,1,540,
1461,Waikato Region,Ohaupo,1,540,
1462,West Coast Region,Hokitika Valley,1,550,
1463,Bay of Plenty Region,Island View-Pios Beach,1,560,
1464,Manawatu-Wanganui Region,Raurimu,1,560,
1465,Southland Region,Edendale Community,1,570,
1466,Wellington Region,Pencarrow,1,570,
1467,Canterbury Region,Woodend Beach,1,580,
1468,West Coast Region,Haupiri,1,590,
1469,Auckland Region,Buckland,1,590,
1470,Taranaki Region,Okato,1,600,
1471,Wellington Region,Akatarawa,1,610,
1472,Hawke's Bay Region,Tutira,1,610,
1473,Auckland Region,Whangapouri Creek,1,610,
1474,Manawatu-Wanganui Region,Rongotea,1,620,
1475,Canterbury Region,Coldstream,1,620,
1476,Auckland Region,Helensville South,1,620,
1477,Bay of Plenty Region,Owhata South,1,630,
1478,Auckland Region,Eden Road-Hill Top,1,630,
1479,Waikato Region,Pukerimu,1,650,
1480,Canterbury Region,Otipua Creek-Washdyke Flat,1,660,
1481,Tasman Region,Lake Rotoroa,1,660,
1482,Manawatu-Wanganui Region,Bastia Hill,1,670,
1483,Canterbury Region,Sefton,1,680,
1484,Hawke's Bay Region,Eskdale,1,690,
1485,Waikato Region,Broadlands,1,690,
1486,Southland Region,Wallacetown,1,700,
1487,Canterbury Region,Taitapu,1,710,
1488,Southland Region,Charlton,1,710,
1489,West Coast Region,Orowaiti,1,710,
1490,Northland Region,Abbey Caves,1,710,
1491,Wellington Region,Seatoun Tunnel West,1,720,
1492,Hawke's Bay Region,Ruakituri-Morere,1,720,
1493,Southland Region,Mill Road-Woodend,1,730,
1494,Wellington Region,Mitchelltown,1,730,
1495,Tasman Region,Aniseed Hill,1,740,
1496,Taranaki Region,Douglas,1,740,
1497,Waikato Region,Tirau,1,740,
1498,Taranaki Region,Ohawe Beach,1,740,
1499,Waikato Region,Peacocke,1,740,
1500,Hawke's Bay Region,Whakaki,1,740,
1501,Otago Region,Frankton East,1,770,
1502,Waikato Region,Pauanui Beach,1,770,
1503,Wellington Region,Northland North,1,780,
1504,Bay of Plenty Region,Ohauiti-Ngapeke,1,780,
1505,Otago Region,St Leonards-Blanket Bay,1,810,
1506,Taranaki Region,Hawera West,1,810,
1507,Waikato Region,Kaiaua,1,810,
1508,Waikato Region,Horotiu,1,820,
1509,Manawatu-Wanganui Region,Otangiwai-Heao,1,840,
1510,Southland Region,South Gore,1,860,
1511,Southland Region,Greenhills,1,860,
1512,Manawatu-Wanganui Region,Stoney Creek,1,860,
1513,Canterbury Region,Southbrook,1,860,
1514,Waikato Region,Rotongata,1,860,
1515,Otago Region,Corstorphine East,1,870,
1516,Manawatu-Wanganui Region,Kohitere,1,880,
1517,Taranaki Region,Fernleigh,1,890,
1518,Waikato Region,Te Puru-Thornton Bay,1,890,
1519,Auckland Region,Redoubt East,1,940,
1520,Otago Region,Arthurs Point,1,950,
1521,Waikato Region,Buckland South,1,950,
1522,Hawke's Bay Region,Longlands South,1,960,
1523,Southland Region,Wairio,1,1010,
1524,Canterbury Region,Parnassus,1,1030,
1525,Auckland Region,Waipareira West,1,1030,
1526,Manawatu-Wanganui Region,Nireaha-Tiraumea,1,1050,
1527,Hawke's Bay Region,Te Mata Hills,1,1070,
1528,Waikato Region,Mokauiti,1,1070,
1529,Waikato Region,Kaipaki,1,1080,
1530,Northland Region,Three Mile Bush,1,1100,
1531,Canterbury Region,Kaiapoi West,1,1130,
1532,Otago Region,Kelvin Heights,1,1160,
1533,Otago Region,Waikouaiti,1,1160,
1534,Wellington Region,Te Marua,1,1180,
1535,Canterbury Region,Rakaia,1,1190,
1536,Otago Region,Wakatipu Basin,1,1200,
1537,Canterbury Region,Tuahiwi,1,1210,
1538,Auckland Region,Swanson South,1,1210,
1539,Wellington Region,Tirohanga,1,1250,
1540,Otago Region,Ravensbourne,1,1280,
1541,Northland Region,Te Hihi,1,1300,
1542,Northland Region,Pataua-Whareora,1,1300,
1543,Nelson Region,Atmore,1,1320,
1544,Waikato Region,Temple View,1,1330,
1545,Waikato Region,Turua,1,1350,
1546,Manawatu-Wanganui Region,Springvale West,1,1370,
1547,Nelson Region,Clifton,1,1380,
1548,Canterbury Region,Eyrewell,1,1420,
1549,Wellington Region,Ngaumutawa,1,1430,
1550,Auckland Region,Hatfields Beach,1,1440,
1551,Auckland Region,Pigeon Mountain South,1,1450,
1552,Southland Region,Makarewa,1,1470,
1553,Bay of Plenty Region,Tarawera,1,1470,
1554,Taranaki Region,Oakura,1,1500,
1555,Manawatu-Wanganui Region,Awapuni West,1,1520,
1556,Gisborne Region,Tarndale-Rakauroa,1,1540,
1557,Waikato Region,Acacia Bay,1,1550,
1558,West Coast Region,Westport Rural,1,1570,
1559,Wellington Region,Martinborough,1,1580,
1560,Southland Region,Mararoa River,1,1590,
1561,Wellington Region,Crofton Downs,1,1610,
1562,Otago Region,Tuapeka,1,1640,
1563,Waikato Region,Marotiri,1,1690,
1564,Auckland Region,South Waiuku,1,1720,
1565,Manawatu-Wanganui Region,Foxton Beach,1,1730,
1566,Southland Region,Waituna,1,1760,
1567,Wellington Region,Manuka,1,1780,
1568,Bay of Plenty Region,Te Reti,1,1790,
1569,Canterbury Region,Amuri,1,1820,
1570,Otago Region,Roslyn North,1,1870,
1571,Canterbury Region,Mackenzie,1,1890,
1572,Wellington Region,Pukerua Bay,1,1920,
1573,Wellington Region,Waikanae Park,1,1980,
1574,Canterbury Region,Fernside,1,1990,
1575,Otago Region,Lake Hayes South,1,2070,
1576,Hawke's Bay Region,Poraiti,1,2130,
1577,Tasman Region,Mapua,1,2150,
1578,Tasman Region,Wakefield,1,2210,
1579,Auckland Region,Henderson West,1,2360,
1580,Wellington Region,Seatoun,1,2390,
1581,Auckland Region,Hobsonville South,1,2400,
1582,Canterbury Region,Burnside,1,2500,
1583,Waikato Region,Springdale,1,2560,
1584,Bay of Plenty Region,Hamurana,1,2580,
1585,Canterbury Region,Kingsbury,1,2620,
1586,Bay of Plenty Region,Te Puna,1,2660,
1587,Otago Region,Arrowtown,1,2710,
1588,Waikato Region,Chartwell,1,2800,
1589,Auckland Region,Opaheke,1,2800,
1590,Waikato Region,Tahuroa,1,2820,
1591,Wellington Region,Pinehaven,1,2840,
1592,Hawke's Bay Region,Sherenden-Puketapu,1,2840,
1593,Canterbury Region,Prebbleton,1,2850,
1594,Wellington Region,Northland,1,2900,
1595,Auckland Region,Mission Heights,1,2910,
1596,Auckland Region,Stonefields,1,2930,
1597,Canterbury Region,Rangiora West,1,3070,
1598,Auckland Region,Herne Bay,1,3090,
1599,Wellington Region,Churton Park North,1,3190,
1600,Auckland Region,Kilkenny,1,3240,
1601,Wellington Region,Ngaio South,1,3290,
1602,Auckland Region,Castor Bay,1,3320,
1603,Canterbury Region,Hawthornden,1,3430,
1604,Auckland Region,Glamorgan,1,3570,
1605,Wellington Region,Endeavour,1,4000,
1606,Auckland Region,Narrow Neck,1,4020,
1607,Canterbury Region,Cashmere East,1,4030,
1608,Otago Region,Mosgiel East,1,4200,
1609,Auckland Region,Pinehill,1,4530,
1610,Auckland Region,Waiake,1,4650,
1611,Wellington Region,Eastbourne,1,4950,
1612,Auckland Region,Murrays Bay,1,5150,
1613,Auckland Region,Meadowbank South,1,5560,
1614,Bay of Plenty Region,White Island,0,0,
1615,Auckland Region,Inlet-Kaipara River,0,0,
1616,Area Outside Region,Oceanic-Snares Islands,0,0,
1617,Canterbury Region,Inland Water-Lake Alexandrina,0,0,
1618,Waikato Region,Oceanic-Waikato Region West,0,0,
1619,Area Outside Region,Oceanic-Oil Rigs Taranaki,0,0,
1620,Canterbury Region,Inlets-Banks Peninsula Bays,0,0,
1621,Southland Region,Inlet-Jacobs River Estuary,0,0,
1622,Auckland Region,Browns Island,0,0,
1623,Auckland Region,Tidal-Great Barrier Island,0,0,
1624,Waikato Region,Inlet-Raglan Harbour,0,0,
1625,Waikato Region,Oceanic-Waikato Region East,0,0,
1626,Hawke's Bay Region,Oceanic-Hawke's Bay Region,0,0,
1627,Canterbury Region,Avon-Heathcote Estuary,0,0,
1628,Southland Region,Centre Island,0,0,
1629,Area Outside Region,Ross Dependency,0,0,
1630,Auckland Region,Cape Barrier,0,0,
1631,Northland Region,Inlet-Kaipara Harbour North,0,0,
1632,Canterbury Region,Inland Water-Lake Tekapo,0,0,
1633,Auckland Region,Inlet-Hobson Bay,0,0,
1634,Auckland Region,Oceanic-Auckland Region West,0,0,
1635,Canterbury Region,Inland Water-Lake Ellesmere South,0,0,
1636,Auckland Region,Tidal-Tamaki,0,0,
1637,Southland Region,Tiwai Point,0,0,
1638,Otago Region,Inland Water-Lake Hawea,0,0,
1639,Waikato Region,Inlets-Otorohanga District,0,0,
1640,Canterbury Region,Inland Water-Lake Ellesmere North,0,0,
1641,Waikato Region,Islands-Thames-Coromandel District,0,0,
1642,Bay of Plenty Region,Moutohora Island,0,0,
1643,Gisborne Region,Oceanic-Gisborne Region,0,0,
1644,Taranaki Region,Port-Taranaki,0,0,
1645,Wellington Region,Inlet-Wellington Harbour,0,0,
1646,Manawatu-Wanganui Region,Oceanic-Manawatu-Wanganui Region,0,0,
1647,Canterbury Region,Inland Water-Lake Ohau,0,0,
1648,Marlborough Region,Oceanic-Marlborough Region,0,0,
1649,West Coast Region,Oceanic-West Coast Region,0,0,
1650,Area Outside Region,Oceanic-Chatham Islands,0,0,
1651,Otago Region,Oceanic-Otago Region,0,0,
1652,Area Outside Region,Oceanic-Campbell Island,0,0,
1653,Southland Region,Inlet-New River Estuary,0,0,
1654,Area Outside Region,Oceanic-Auckland Islands,0,0,
1655,Area Outside Region,Oceanic-Bounty Islands,0,0,
1656,Area Outside Region,Oceanic-Antipodes Islands,0,0,
1657,Area Outside Region,Antipodes Islands,0,0,
1658,Auckland Region,Rakitu Island,0,0,
1659,Auckland Region,Aiguilles Island,0,0,
1660,Auckland Region,Inlet-Kaipara Harbour South,0,0,
1661,Auckland Region,Inlet-Takapuna Head,0,0,
1662,Auckland Region,Tidal-Motutapu and Browns Islands,0,0,
1663,Auckland Region,Tidal-Manukau Harbour North,0,0,
1664,Auckland Region,Inlet-Waiuku River,0,0,
1665,Canterbury Region,Quail Island,0,0,
1666,Auckland Region,Tidal-Waitemata Harbour,0,0,
1667,Waikato Region,Te Motu Island,0,0,
1668,Bay of Plenty Region,Mayor Island,0,0,
1669,Waikato Region,Inlet-Aotea Harbour North,0,0,
1670,Waikato Region,Inlet-Waitomo District,0,0,
1671,Waikato Region,Bays-Thames-Coromandel District,0,0,
1672,Waikato Region,Inlet-Firth of Thames,0,0,
1673,Bay of Plenty Region,Oceanic-Bay of Plenty Region,0,0,
1674,Southland Region,Inland Water-Lake Te Anau,0,0,
1675,Hawke's Bay Region,Inlet-Port Napier,0,0,
1676,Hawke's Bay Region,Bare Island,0,0,
1677,Taranaki Region,Oceanic-Taranaki Region,0,0,
1678,Otago Region,Inland Water-Lake Wanaka,0,0,
1679,Manawatu-Wanganui Region,Oceanic-Tararua Constituency,0,0,
1680,Wellington Region,Oceanic-Wellington Region,0,0,
1681,Southland Region,Inland Water-Lake Manapouri,0,0,
1682,Southland Region,Inland Water-Lake Hauroko,0,0,
1683,Nelson Region,Oceanic-Nelson Region,0,0,
1684,Canterbury Region,Oceanic-Canterbury Region North,0,0,
1685,Area Outside Region,Oceanic-Kermadec Islands,0,0,
1686,West Coast Region,Inlet-Buller River,0,0,
1687,Area Outside Region,Kermadec Islands,0,0,
1688,Canterbury Region,Inlet-Port Lyttelton,0,0,
1689,Northland Region,Inlet-Hokianga Harbour,0,0,
1690,Area Outside Region,Three Kings Islands,0,0,
1691,Canterbury Region,Inlet-Port Timaru,0,0,
1692,Northland Region,Oceanic-Northland Region,0,0,
1693,Otago Region,Inlet-Dunedin City Bays,0,0,
1694,Northland Region,Inlet-Rangaunu Harbour,0,0,
1695,Otago Region,Inlet-Port Oamaru,0,0,
1696,Northland Region,Inlet-Doubtless Bay,0,0,
1697,Southland Region,Dog Island,0,0,
1698,Area Outside Region,Campbell Island,0,0,
1699,Southland Region,Inlet-Bluff Harbour,0,0,
1700,Area Outside Region,Oceanic-Oil Rig Southland,0,0,
1701,Southland Region,Oceanic-Southland Region,0,0,
1702,Area Outside Region,Auckland Islands,0,0,
1703,Northland Region,Inlet-Mangawhai Harbour,0,0,
1704,Area Outside Region,NZ Economic Zone,0,0,
1705,Auckland Region,Mokohinau Island,0,0,
1706,Area Outside Region,Bounty Islands,0,0,
1707,Auckland Region,Little Barrier Island,0,0,
1708,Area Outside Region,Snares Island,0,0,
1709,Auckland Region,Inlet-Port Fitzroy,0,0,
1710,Tasman Region,Moutere Inlet,0,0,
1711,Wellington Region,Inland Water-Lake Wairarapa,0,0,
1712,Nelson Region,Saxton Island,0,0,
1713,Tasman Region,Inlet-Motueka,0,0,
1714,Marlborough Region,Severn,0,0,
1715,Canterbury Region,Lake Tennyson,0,0,
1716,Nelson Region,Waimea Inlet East,0,0,
1717,Tasman Region,Bell Island,0,0,
1718,Bay of Plenty Region,Inlet-Ohiwa Harbour East,0,0,
1719,Hawke's Bay Region,Inland Water-Lake Waikaremoana,0,0,
1720,Bay of Plenty Region,Inlet-Tauranga Harbour Omokoroa,0,0,
1721,Waikato Region,Rotowaro,0,0,
1722,Bay of Plenty Region,Waikareao Estuary,0,0,
1723,Bay of Plenty Region,Motuopae Island,0,0,
1724,Manawatu-Wanganui Region,Te More,0,0,
1725,Bay of Plenty Region,Inland Water-Lake Rotorua,0,0,
1726,Bay of Plenty Region,Inlet-Ohiwa Harbour West,0,0,
1727,Bay of Plenty Region,Inlet-Tauranga Harbour North,0,0,
1728,Northland Region,Whangaruru Harbour,0,0,
1729,Auckland Region,Tidal-Waiheke Island,0,0,
1730,Southland Region,Inlet-Milford Sound,0,10,
1731,Tasman Region,Inlet-Ligar Bay,0,10,
1732,Otago Region,Inlet-Otago Harbour,0,10,
1733,Waikato Region,Inlets-Thames-Coromandel District,0,10,
1734,Southland Region,Fiordland,0,10,
1735,Canterbury Region,Oceanic-Canterbury Region South,0,10,
1736,Northland Region,Inlet-Bay of Islands,0,10,
1737,Tasman Region,Jackett Island,0,10,
1738,Wellington Region,Kapiti Island,0,10,
1739,Wellington Region,Mana Island,0,10,
1740,Canterbury Region,Ravenswood,0,10,
1741,Tasman Region,Waimea Inlet West,0,10,
1742,Wellington Region,Mara,0,10,
1743,Wellington Region,Inlet-Porirua Harbour,0,20,
1744,Auckland Region,Tidal-Manukau Harbour,0,20,
1745,Northland Region,Inlet-Whangaroa Harbour,0,20,
1746,Wellington Region,Evans Bay Marina,0,20,
1747,Auckland Region,Bays-Waiheke Island,0,20,
1748,Bay of Plenty Region,Motiti Island,0,30,
1749,Northland Region,Inlet-Tutukaka Harbour,0,30,
1750,Canterbury Region,Camside,0,30,
1751,Hawke's Bay Region,Ngamatea,0,30,
1752,West Coast Region,Karangarua,0,30,
1753,Auckland Region,Gulf Harbour Marina,0,30,
1754,Auckland Region,Auckland City-Marinas,0,40,
1755,Wellington Region,Seaview Marina,0,40,
1756,Auckland Region,Kaikoura and Rangiahua Islands,0,40,
1757,West Coast Region,Bruce Bay-Paringa,0,40,
1758,Wellington Region,Wellington City-Marinas,0,40,
1759,West Coast Region,Coal Creek,0,60,
1760,Canterbury Region,Woodend West,0,60,
1761,West Coast Region,Otira,0,60,
1762,West Coast Region,Totara River,0,60,
1763,Manawatu-Wanganui Region,Tiroa,0,60,
1764,Auckland Region,Islands-Motutapu Rangitoto Rakino,0,60,
1765,Otago Region,Hyde,0,70,
1766,West Coast Region,Waiho,0,70,
1767,Taranaki Region,Waitotara,0,70,
1768,Canterbury Region,Ben Mcleod,0,80,
1769,Canterbury Region,Port Levy,0,80,
1770,Tasman Region,Richmond Hill,0,80,
1771,West Coast Region,Point Elizabeth,0,80,
1772,Bay of Plenty Region,Tauranga City-Marinas,0,80,
1773,Auckland Region,Kawau,0,80,
1774,Canterbury Region,Duntroon,0,90,
1775,Nelson Region,Port Nelson,0,90,
1776,Waikato Region,Rangatira,0,90,
1777,Tasman Region,Best Island,0,100,
1778,Otago Region,Nenthorn,0,110,
1779,Bay of Plenty Region,Maraetotara,0,110,
1780,Otago Region,Naseby,0,120,
1781,West Coast Region,Waitaha,0,120,
1782,West Coast Region,Inangahua Junction,0,130,
1783,Otago Region,Middlemarch,0,140,
1784,Auckland Region,Matheson Bay,0,140,
1785,Wellington Region,Paekakariki Hill,0,150,
1786,West Coast Region,Mokihinui,0,150,
1787,Manawatu-Wanganui Region,Mangaweka,0,150,
1788,Manawatu-Wanganui Region,Whangamomona,0,150,
1789,Otago Region,Sandymount,0,170,
1790,West Coast Region,Arnold Valley,0,170,
1791,Waikato Region,Burbush,0,170,
1792,Waikato Region,Arahiwi,0,180,
1793,Northland Region,Kohukohu,0,180,
1794,Canterbury Region,St Andrews,0,190,
1795,Canterbury Region,Otematata,0,190,
1796,West Coast Region,Maruia,0,190,
1797,West Coast Region,Atarau,0,190,
1798,Wellington Region,Horokiwi,0,190,
1799,Manawatu-Wanganui Region,National Park,0,190,
1800,Southland Region,Bay Road West,0,200,
1801,Wellington Region,Moonshine Valley,0,200,
1802,Waikato Region,Omori,0,200,
1803,Canterbury Region,Mt Cook,0,210,
1804,Canterbury Region,Silverstream,0,210,
1805,Waikato Region,Allen Road,0,210,
1806,Waikato Region,Tokaanu,0,210,
1807,Otago Region,Pukeuri,0,220,
1808,Southland Region,Mossburn,0,220,
1809,West Coast Region,Hector-Ngakawau,0,220,
1810,West Coast Region,Little Wanganui,0,220,
1811,Manawatu-Wanganui Region,Tangimoana,0,220,
1812,West Coast Region,Granity,0,230,
1813,Wellington Region,Resolution,0,240,
1814,West Coast Region,Barrytown,0,240,
1815,Hawke's Bay Region,Whanawhana,0,240,
1816,Taranaki Region,Midhirst,0,240,
1817,Auckland Region,Oratia West,0,240,
1818,Waikato Region,Taharoa,0,250,
1819,Taranaki Region,Rahotu,0,250,
1820,Waikato Region,Motuoapa,0,250,
1821,Waikato Region,Opuawhanga,0,250,
1822,Waikato Region,Pukeoware,0,250,
1823,Otago Region,Kingston South,0,260,
1824,Canterbury Region,Mcleans Island,0,260,
1825,Bay of Plenty Region,Matakana Island,0,260,
1826,Auckland Region,Paparata,0,260,
1827,Southland Region,Woodlands,0,280,
1828,Otago Region,Aramoana,0,280,
1829,Northland Region,Opua West,0,280,
1830,Otago Region,Clinton,0,290,
1831,Waikato Region,Kuratau,0,290,
1832,Otago Region,Owaka,0,300,
1833,Southland Region,Ohai,0,300,
1834,West Coast Region,Blackball,0,300,
1835,West Coast Region,Kumara,0,300,
1836,Manawatu-Wanganui Region,Ohakea,0,310,
1837,West Coast Region,Kaiata,0,310,
1838,Canterbury Region,Kurow,0,320,
1839,Otago Region,Stirling,0,320,
1840,Otago Region,Cape Wanbrow,0,320,
1841,Waikato Region,Waitoa,0,320,
1842,Otago Region,Wyllies Crossing,0,330,
1843,West Coast Region,Inangahua Valley,0,330,
1844,Hawke's Bay Region,Maungataniwha,0,330,
1845,West Coast Region,Charleston,0,340,
1846,Wellington Region,Takapu,0,340,
1847,Manawatu-Wanganui Region,Putiki,0,340,
1848,West Coast Region,Harihari,0,350,
1849,Manawatu-Wanganui Region,Ratana Community,0,360,
1850,Otago Region,Karitane,0,370,
1851,Otago Region,Company Bay,0,370,
1852,Gisborne Region,Patutahi,0,370,
1853,Southland Region,Bushy Point,0,380,
1854,Canterbury Region,Ashburton North,0,380,
1855,Wellington Region,Peka Peka,0,380,
1856,Auckland Region,Mahurangi,0,390,
1857,Otago Region,Kakanui,0,400,
1858,Otago Region,Glenorchy,0,410,
1859,Wellington Region,Miramar West,0,410,
1860,Wellington Region,Tuturumuri,0,410,
1861,Marlborough Region,Fairhall,0,410,
1862,West Coast Region,Marsden-Hohonu,0,410,
1863,Wellington Region,Woburn South,0,420,
1864,Auckland Region,Point Wells,0,420,
1865,Otago Region,Strath Taieri,0,430,
1866,Bay of Plenty Region,Kaingaroa Forest,0,430,
1867,Marlborough Region,Wairau North,0,440,
1868,Taranaki Region,Waingongoro,0,440,
1869,Waikato Region,Te Rore,0,450,
1870,Canterbury Region,Banks Peninsula Eastern Bays,0,460,
1871,Otago Region,Matukituki,0,460,
1872,Waikato Region,Kerepehi,0,460,
1873,Marlborough Region,Woodbourne,0,470,
1874,Canterbury Region,Courtenay,0,470,
1875,Canterbury Region,Cust,0,470,
1876,Waikato Region,Maunganamu,0,470,
1877,Auckland Region,Kaukapakapa,0,470,
1878,Northland Region,Ruawai,0,470,
1879,Auckland Region,Leigh,0,470,
1880,Auckland Region,Armour Bay,0,490,
1881,Canterbury Region,Pines-Kairaki Beach,0,500,
1882,Waikato Region,Wharewaka,0,500,
1883,Waikato Region,Te Kawa,0,500,
1884,Northland Region,North Cape,0,500,
1885,West Coast Region,Buller Coalfields,0,510,
1886,Wellington Region,Taitville,0,510,
1887,Manawatu-Wanganui Region,Owahanga,0,510,
1888,Canterbury Region,Dunsandel,0,530,
1889,Marlborough Region,Seddon,0,540,
1890,Nelson Region,Glenduan,0,540,
1891,Manawatu-Wanganui Region,Sunshine-Hospital Hill,0,540,
1892,Southland Region,Wyndham,0,550,
1893,Otago Region,Waldronville,0,550,
1894,Canterbury Region,Mairaki,0,550,
1895,Waikato Region,Kinloch,0,550,
1896,Taranaki Region,Bowden,0,560,
1897,Bay of Plenty Region,Waimana,0,560,
1898,Gisborne Region,Matokitoki,0,560,
1899,Taranaki Region,Okaiawa,0,560,
1900,Auckland Region,Birdwood West,0,560,
1901,Canterbury Region,Fairview-Scarborough,0,570,
1902,Manawatu-Wanganui Region,Tokomaru,0,570,
1903,Wellington Region,Kaitawa,0,570,
1904,Gisborne Region,Manutuke,0,570,
1905,Manawatu-Wanganui Region,Halcombe,0,580,
1906,Taranaki Region,Ohangai,0,580,
1907,Hawke's Bay Region,Otane,0,580,
1908,Taranaki Region,Omata,0,590,
1909,Southland Region,Kaweku,0,600,
1910,Waikato Region,Lake Ngaroto,0,600,
1911,Area Outside Region,Chatham Islands,0,610,
1912,Canterbury Region,Akaroa,0,620,
1913,Bay of Plenty Region,Poroporo,0,620,
1914,Auckland Region,Parakai Rural,0,620,
1915,Canterbury Region,Plains Railway,0,630,
1916,Southland Region,Myross Bush,0,630,
1917,Taranaki Region,Egmont Village,0,630,
1918,Hawke's Bay Region,Raupunga,0,650,
1919,Auckland Region,Waitakere West,0,650,
1920,Manawatu-Wanganui Region,Moawhango,0,660,
1921,Otago Region,Glenleith,0,670,
1922,Canterbury Region,Okuku,0,680,
1923,West Coast Region,Dobson,0,690,
1924,Bay of Plenty Region,Athenree,0,700,
1925,Otago Region,Ardgowan,0,710,
1926,Canterbury Region,Kennedys Bush,0,720,
1927,Canterbury Region,Fairton,0,730,
1928,Auckland Region,Algies Bay,0,750,
1929,Otago Region,Tapanui,0,770,
1930,Wellington Region,Newlands East,0,780,
1931,Northland Region,Ohaeawai,0,800,
1932,Tasman Region,Ranzau,0,810,
1933,Canterbury Region,Aviemore,0,820,
1934,Taranaki Region,Tawhiti,0,820,
1935,Otago Region,Forrester Park,0,830,
1936,Wellington Region,Te Horo,0,830,
1937,Taranaki Region,Makakaho,0,830,
1938,Southland Region,Kaiwera,0,860,
1939,Auckland Region,Paremoremo West,0,870,
1940,Auckland Region,Silverdale North,0,890,
1941,Manawatu-Wanganui Region,Kairanga,0,910,
1942,Auckland Region,Stillwater,0,920,
1943,Marlborough Region,Ward,0,930,
1944,Canterbury Region,Governors Bay,0,940,
1945,Manawatu-Wanganui Region,Moutoa,0,940,
1946,Nelson Region,Whangamoa,0,940,
1947,Wellington Region,Vogeltown,0,940,
1948,West Coast Region,Hokitika Rural,0,940,
1949,Taranaki Region,Mangaoraka,0,950,
1950,Auckland Region,Taupaki,0,950,
1951,Northland Region,Bream Bay,0,960,
1952,West Coast Region,Karoro,0,970,
1953,Otago Region,Inner Peninsula,0,1020,
1954,Hawke's Bay Region,Havelock Hills,0,1030,
1955,Taranaki Region,Whenuakura,0,1070,
1956,Otago Region,Helensburgh,0,1090,
1957,Wellington Region,Brooklyn South,0,1090,
1958,Canterbury Region,Halswell West,0,1120,
1959,Hawke's Bay Region,Waimarama,0,1130,
1960,Canterbury Region,Little River,0,1160,
1961,Northland Region,Otaika-Portland,0,1160,
1962,Wellington Region,Vogeltown West,0,1170,
1963,Canterbury Region,Ashley,0,1190,
1964,Wellington Region,Paparangi West,0,1190,
1965,Waikato Region,Gordonton,0,1200,
1966,Otago Region,Macandrew Bay,0,1220,
1967,Auckland Region,Muriwai Beach,0,1220,
1968,Canterbury Region,Ohoka,0,1230,
1969,Manawatu-Wanganui Region,Otamatea,0,1280,
1970,Otago Region,Sawyers Bay,0,1300,
1971,Waikato Region,Ngatea,0,1340,
1972,Hawke's Bay Region,Poukawa,0,1370,
1973,Waikato Region,Te Pahu,0,1380,
1974,Canterbury Region,West Eyreton,0,1410,
1975,Taranaki Region,Kapuni,0,1410,
1976,Wellington Region,Mt Holdsworth,0,1420,
1977,Wellington Region,Adventure,0,1430,
1978,Wellington Region,Woodridge,0,1440,
1979,Northland Region,Maungatapere,0,1460,
1980,Canterbury Region,Burnham Military Camp,0,1490,
1981,Wellington Region,Riverstone Terraces,0,1500,
1982,Wellington Region,Karaka Bay-Worser Bay,0,1530,
1983,Waikato Region,Lakewood,0,1540,
1984,Canterbury Region,Merrin,0,1600,
1985,Canterbury Region,Pegasus,0,1610,
1986,Wellington Region,Kopuaranga,0,1630,
1987,Southland Region,Dacre,0,1650,
1988,Waikato Region,Te Kowhai,0,1670,
1989,Southland Region,Toetoes,0,1690,
1990,Wellington Region,Greenacres,0,1710,
1991,Wellington Region,Mangaroa,0,1750,
1992,Otago Region,Wingatui,0,1780,
1993,Canterbury Region,Ashley Gorge,0,1830,
1994,Manawatu-Wanganui Region,Blueskin,0,1840,
1995,Auckland Region,Herald,0,1860,
1996,Auckland Region,Kumeu West,0,1880,
1997,Otago Region,Maori Hill,0,1970,
1998,Canterbury Region,Westmorland,0,1990,
1999,Auckland Region,Bleakhouse,0,2070,
2000,Canterbury Region,Lehmans,0,2200,
2001,Taranaki Region,Barrett,0,2240,
2002,Auckland Region,Shelly Park,0,2310,
2003,Canterbury Region,Rolleston North West,0,2330,
2004,Canterbury Region,Rolleston South West,0,2330,
2005,Canterbury Region,Loburn,0,2390,
2006,Auckland Region,Stanley Bay,0,2440,
2007,Taranaki Region,Lepperton,0,2510,
2008,Auckland Region,Waima,0,2600,
2009,Auckland Region,Laingholm,0,2620,
2010,Auckland Region,Campbells Bay,0,2630,
2011,Wellington Region,Khandallah Park-Broadmeadows,0,2960,
2012,Southland Region,Hokonui,0,3090,
2013,Canterbury Region,Mandeville,0,3160,
2014,Wellington Region,Awarua,0,3310,
2015,Wellington Region,Churton Park South,0,3440,
2016,Auckland Region,Riverhead,0,3510,
2017,Southland Region,Grasmere,0,3590,
2018,Bay of Plenty Region,Bethlehem East,0,3590,
2019,Wellington Region,Te Kainga,0,4020,
2020,Waikato Region,Horsham Downs,0,5440,
